index;base_tag;target_tag;path;old_path;status;status_detail;additions;deletions;binary;old_mode;new_mode;old_blob;new_blob;group;owner_report;priority;file_type;review_mode;analysis_decision;diff_note
395;v16.2.5;v16.2.15;qa/standalone/mon/misc.sh;;M;M;0;1;FALSE;100755;100755;e5567e7b62d9dc0c22cae20839e6b8ebefd29e06;c9109cbe7fe4e6e38af8ea72b8bb8c44dbc25553;4;04-mon-osdmap-crush;P2;test/QA;reference-only;Không đọc độc lập;
396;v16.2.5;v16.2.15;qa/standalone/mon/mon-bind.sh;;M;M;0;4;FALSE;100755;100755;b0a092a533abb6066c87d34d15bbb344319de4c3;41982b9160a9e083fd01ba6d207411c490b6ea9a;4;04-mon-osdmap-crush;P2;test/QA;reference-only;Không đọc độc lập;
397;v16.2.5;v16.2.15;qa/standalone/mon/mon-handle-forward.sh;;M;M;1;1;FALSE;100755;100755;8633959d5f2a4a979e55688c3bccaa9ca99176a9;01c8f130f54628c1762f4a843a2e5512758aad35;4;04-mon-osdmap-crush;P2;test/QA;reference-only;Không đọc độc lập;
1061;v16.2.5;v16.2.15;qa/workunits/mon/config.sh;;M;M;11;0;FALSE;100755;100755;36eab8f7ba3236fa3ac1f571c45711b62c179a8b;1b00201ae48165f8336633065d4350f46bfdc37c;4;04-mon-osdmap-crush;P2;test/QA;reference-only;Không đọc độc lập;
1062;v16.2.5;v16.2.15;qa/workunits/mon/pg_autoscaler.sh;;M;M;108;31;FALSE;100755;100755;706f87d0e1bda8091f2b3dd10fa00529ba59fa9b;4cf71a31cf4c9aefa98c4d068b48d7f2338b729e;4;04-mon-osdmap-crush;P2;test/QA;reference-only;Không đọc độc lập;
1063;v16.2.5;v16.2.15;qa/workunits/mon/pool_ops.sh;;M;M;17;0;FALSE;100755;100755;6baae495ddd4b9c9b2eda247b7913342a6b1659a;c613ce44866887bd1f9f1665d124d7a10ce10c87;4;04-mon-osdmap-crush;P2;test/QA;reference-only;Không đọc độc lập;
1064;v16.2.5;v16.2.15;qa/workunits/mon/rbd_snaps_ops.sh;;M;M;3;0;FALSE;100755;100755;eb88565eab9c2308d88cf17b681f998bcd9410f6;0e5b16b7b80b4a0ebc212c85a1d8bdcfd39b70df;4;04-mon-osdmap-crush;P2;test/QA;reference-only;Không đọc độc lập;
1065;v16.2.5;v16.2.15;qa/workunits/mon/test_mon_config_key.py;;M;M;9;29;FALSE;100755;100755;bcc1a79dd35198fab91885ec83c5cec1a527ce5c;0d8ec1c27d9a217093bdc99043bf5bdf06b1af42;4;04-mon-osdmap-crush;P2;test/QA;reference-only;Không đọc độc lập;
1066;v16.2.5;v16.2.15;qa/workunits/mon/test_noautoscale_flag.sh;;A;A;83;0;FALSE;0;100755;0;ca86cdf22d3872ef8049b5c4ecf2e82ade5f9098;4;04-mon-osdmap-crush;P2;test/QA;reference-only;Không đọc độc lập;
1490;v16.2.5;v16.2.15;src/mon/AuthMonitor.cc;;M;M;28;16;FALSE;100644;100644;1ffa80a0d053ff51939b9794f7a681372b3784e1;571e0698a016843b4494772aa906bb1b527cc451;4;04-mon-osdmap-crush;P0;runtime/source;deep;Chọn đọc sâu trước: implementation thuộc MON/quorum, OSDMap, CRUSH, placement và pool flags.;
1491;v16.2.5;v16.2.15;src/mon/AuthMonitor.h;;M;M;0;2;FALSE;100644;100644;048fc0c08ef4d3ec9015bfce0cab890c51752bdd;4312b56071f4b7503ddee6468c58a9a616efbdf7;4;04-mon-osdmap-crush;P0;runtime/source;deep;Chọn đọc sâu trước: implementation thuộc MON/quorum, OSDMap, CRUSH, placement và pool flags.;
1492;v16.2.5;v16.2.15;src/mon/CMakeLists.txt;;M;M;9;2;FALSE;100644;100644;088fa6a0cdd603b40bb3aed15952aa6ad34f3bae;7b237c01c2f84511ffb71b9ac5a47979054c092a;4;04-mon-osdmap-crush;P1;build/package;deep;Đọc sâu khi ảnh hưởng build, package, quyền hoặc service: MON/quorum, OSDMap, CRUSH, placement và pool flags.;
1493;v16.2.5;v16.2.15;src/mon/ConfigMap.cc;;M;M;2;2;FALSE;100644;100644;763b8ce9b1731250210bfcab7eb98ae17ff5ed74;7a639947bdef393230577f1a0ad0001902e27630;4;04-mon-osdmap-crush;P0;runtime/source;deep;Chọn đọc sâu trước: implementation thuộc MON/quorum, OSDMap, CRUSH, placement và pool flags.;
1494;v16.2.5;v16.2.15;src/mon/ConfigMap.h;;M;M;2;0;FALSE;100644;100644;2ecdcc071336581873278acecacbfabcc926bc1f;11b46fc451e8e5ef63310d2e762daa410ee84538;4;04-mon-osdmap-crush;P0;runtime/source;deep;Chọn đọc sâu trước: implementation thuộc MON/quorum, OSDMap, CRUSH, placement và pool flags.;
1495;v16.2.5;v16.2.15;src/mon/ConfigMonitor.cc;;M;M;7;1;FALSE;100644;100644;7f0ee21e67155f723c6f28f479581c10897d636e;20411d5197f21693f6938331087cf831515bd055;4;04-mon-osdmap-crush;P0;runtime/source;deep;Chọn đọc sâu trước: implementation thuộc MON/quorum, OSDMap, CRUSH, placement và pool flags.;
1496;v16.2.5;v16.2.15;src/mon/ConnectionTracker.cc;;M;M;104;17;FALSE;100644;100644;4d7f5e458094eb083e1691153ed1605f0418c57b;272ad40c27461498d45dc7705cbb29231c7dc47e;4;04-mon-osdmap-crush;P0;runtime/source;deep;Chọn đọc sâu trước: implementation thuộc MON/quorum, OSDMap, CRUSH, placement và pool flags.;
1497;v16.2.5;v16.2.15;src/mon/ConnectionTracker.h;;M;M;19;12;FALSE;100644;100644;58e9889eb2b32a06cd1458b8ee8b3c036528e1bf;09506636d1e74efb8cc0aa656b533e23ce7c2ca0;4;04-mon-osdmap-crush;P0;runtime/source;deep;Chọn đọc sâu trước: implementation thuộc MON/quorum, OSDMap, CRUSH, placement và pool flags.;
1498;v16.2.5;v16.2.15;src/mon/ElectionLogic.cc;;M;M;26;4;FALSE;100644;100644;757c86165f5a1d375834791f7dd51077d056e3c5;e22a85bed56f8bddb17351d3f64356c1255f7b66;4;04-mon-osdmap-crush;P0;runtime/source;deep;Chọn đọc sâu trước: implementation thuộc MON/quorum, OSDMap, CRUSH, placement và pool flags.;
1499;v16.2.5;v16.2.15;src/mon/Elector.cc;;M;M;88;43;FALSE;100644;100644;79b227a9c653024231127fdb3d696b4a5775942f;671c08d85929b5ea37aabc98955814962b7a108e;4;04-mon-osdmap-crush;P0;runtime/source;deep;Chọn đọc sâu trước: implementation thuộc MON/quorum, OSDMap, CRUSH, placement và pool flags.;
1500;v16.2.5;v16.2.15;src/mon/Elector.h;;M;M;7;2;FALSE;100644;100644;d14dbb5c4ce9f1d76ab53d1967dc48d159aab65a;2a53c1fc4350e6a5571f709d09812f2eda0191de;4;04-mon-osdmap-crush;P0;runtime/source;deep;Chọn đọc sâu trước: implementation thuộc MON/quorum, OSDMap, CRUSH, placement và pool flags.;
1501;v16.2.5;v16.2.15;src/mon/FSCommands.cc;;M;M;159;28;FALSE;100644;100644;396ac3118b4ea59462dc0e187acdb848a8b91658;1c80c1c307bfcb37483eb396d07353ef00a56fae;4;04-mon-osdmap-crush;P0;runtime/source;deep;Chọn đọc sâu trước: implementation thuộc MON/quorum, OSDMap, CRUSH, placement và pool flags.;
1502;v16.2.5;v16.2.15;src/mon/FSCommands.h;;M;M;6;6;FALSE;100644;100644;726ff281a1bc583284ed2b3a0e5f7ab851db1ef4;4b59225f9545571b96599f69ad71aa97586cdf10;4;04-mon-osdmap-crush;P0;runtime/source;deep;Chọn đọc sâu trước: implementation thuộc MON/quorum, OSDMap, CRUSH, placement và pool flags.;
1503;v16.2.5;v16.2.15;src/mon/HealthMonitor.cc;;M;M;15;7;FALSE;100644;100644;ae92e8b77521bf8806f1a4d676baf343335536ad;60e35913a4c4a40f19cdc9a7b8dcad4294307e5a;4;04-mon-osdmap-crush;P0;runtime/source;deep;Chọn đọc sâu trước: implementation thuộc MON/quorum, OSDMap, CRUSH, placement và pool flags.;
1504;v16.2.5;v16.2.15;src/mon/MDSMonitor.cc;;M;M;204;141;FALSE;100644;100644;9b07ee1d1a020b12a12e63d0543c190e17c1c3dd;54b60f97c86b3e5c73fdefa0d64c9e38c12fcd86;4;04-mon-osdmap-crush;P0;runtime/source;deep;Chọn đọc sâu trước: implementation thuộc MON/quorum, OSDMap, CRUSH, placement và pool flags.;
1505;v16.2.5;v16.2.15;src/mon/MDSMonitor.h;;M;M;7;0;FALSE;100644;100644;d54434b4975e3fee999458ae0e7cd1f491deff82;c70814996fdc4e04cf4349b690a3894e8487a2c6;4;04-mon-osdmap-crush;P0;runtime/source;deep;Chọn đọc sâu trước: implementation thuộc MON/quorum, OSDMap, CRUSH, placement và pool flags.;
1506;v16.2.5;v16.2.15;src/mon/MgrMap.h;;M;M;47;9;FALSE;100644;100644;5342fc51fc3deda4e013fa88672e182e86064914;f37ed97fd16c7d33d4a929a292ed3bd9dd3330b7;4;04-mon-osdmap-crush;P0;runtime/source;deep;Chọn đọc sâu trước: implementation thuộc MON/quorum, OSDMap, CRUSH, placement và pool flags.;
1507;v16.2.5;v16.2.15;src/mon/MgrMonitor.cc;;M;M;51;13;FALSE;100644;100644;bf5e2ed31e8e4ea70f09fdba6d67b999abce8cc5;da869f79794157aa95fa75fa6dc8fafb5328821c;4;04-mon-osdmap-crush;P0;runtime/source;deep;Chọn đọc sâu trước: implementation thuộc MON/quorum, OSDMap, CRUSH, placement và pool flags.;
1508;v16.2.5;v16.2.15;src/mon/MgrMonitor.h;;M;M;7;1;FALSE;100644;100644;be75602abf9fabf008f4876ee0abbb15d386f203;79d4e50051d8049ba778b51a0b5522b49fe92c4b;4;04-mon-osdmap-crush;P0;runtime/source;deep;Chọn đọc sâu trước: implementation thuộc MON/quorum, OSDMap, CRUSH, placement và pool flags.;
1509;v16.2.5;v16.2.15;src/mon/MgrStatMonitor.cc;;M;M;2;3;FALSE;100644;100644;4996c9b38bf8054361bb013fd7c10c0ffc652d3d;9da4c50da084cb15edaaec042ddba7ae09d9aa6c;4;04-mon-osdmap-crush;P0;runtime/source;deep;Chọn đọc sâu trước: implementation thuộc MON/quorum, OSDMap, CRUSH, placement và pool flags.;
1510;v16.2.5;v16.2.15;src/mon/MonCap.cc;;M;M;3;0;FALSE;100644;100644;f96deacd8e51964769372026dcff1b1fcbc8f6d4;e1dc3723965916f5cd0d364ab9b35cf59723727d;4;04-mon-osdmap-crush;P0;runtime/source;deep;Chọn đọc sâu trước: implementation thuộc MON/quorum, OSDMap, CRUSH, placement và pool flags.;
1511;v16.2.5;v16.2.15;src/mon/MonClient.cc;;M;M;9;7;FALSE;100644;100644;0df0d7dbeab252a9692c7f2547816fea497bd655;7eb72086fbe26036a4e0c0bf92a0cea9099ca509;4;04-mon-osdmap-crush;P0;runtime/source;deep;Chọn đọc sâu trước: implementation thuộc MON/quorum, OSDMap, CRUSH, placement và pool flags.;
1512;v16.2.5;v16.2.15;src/mon/MonClient.h;;M;M;1;1;FALSE;100644;100644;c6ee6b8eb92fd3ced29ac01e0081eb0d81c59fef;6a7daa8143937e09c2e496d913be9113912fbad5;4;04-mon-osdmap-crush;P0;runtime/source;deep;Chọn đọc sâu trước: implementation thuộc MON/quorum, OSDMap, CRUSH, placement và pool flags.;
1513;v16.2.5;v16.2.15;src/mon/MonCommands.h;;M;M;37;12;FALSE;100644;100644;cf4a6913de039212497be7c15c65c7cc9717b52b;0f2100e665d84c408ba5de810f227ce0469e1303;4;04-mon-osdmap-crush;P0;runtime/source;deep;Chọn đọc sâu trước: implementation thuộc MON/quorum, OSDMap, CRUSH, placement và pool flags.;
1514;v16.2.5;v16.2.15;src/mon/MonMap.cc;;M;M;11;4;FALSE;100644;100644;8676443f247cad5ea306fe7208cb08f6d016bbbe;2d14578a675a7cc138b17fe5d35e234843f902c9;4;04-mon-osdmap-crush;P0;runtime/source;deep;Chọn đọc sâu trước: implementation thuộc MON/quorum, OSDMap, CRUSH, placement và pool flags.;
1515;v16.2.5;v16.2.15;src/mon/Monitor.cc;;M;M;116;29;FALSE;100644;100644;7848f9722b8e4423dacfe578c4e60c121efed178;58f436e9fce04d0994bb371e4ca88c261172c9e0;4;04-mon-osdmap-crush;P0;runtime/source;deep;Chọn đọc sâu trước: implementation thuộc MON/quorum, OSDMap, CRUSH, placement và pool flags.;
1516;v16.2.5;v16.2.15;src/mon/Monitor.h;;M;M;17;2;FALSE;100644;100644;ccdd5fe65d5718bb37bbfe16acc0e4ae188caa2c;e52fb974d5b62c4a2ec685fbe7d8dd40a485d70b;4;04-mon-osdmap-crush;P0;runtime/source;deep;Chọn đọc sâu trước: implementation thuộc MON/quorum, OSDMap, CRUSH, placement và pool flags.;
1517;v16.2.5;v16.2.15;src/mon/MonitorDBStore.h;;M;M;4;0;FALSE;100644;100644;515a047279781743cd638611875c9de5825bd16a;c33d35e486d4424d1bd3f057a1d0d4816aa59255;4;04-mon-osdmap-crush;P0;runtime/source;deep;Chọn đọc sâu trước: implementation thuộc MON/quorum, OSDMap, CRUSH, placement và pool flags.;
1518;v16.2.5;v16.2.15;src/mon/MonmapMonitor.cc;;M;M;91;7;FALSE;100644;100644;ec72f410d1fcf230384748abc1a367052a446799;91d9021c2f4f2e228c6a147e231fd76d77230c85;4;04-mon-osdmap-crush;P0;runtime/source;deep;Chọn đọc sâu trước: implementation thuộc MON/quorum, OSDMap, CRUSH, placement và pool flags.;
1519;v16.2.5;v16.2.15;src/mon/OSDMonitor.cc;;M;M;297;50;FALSE;100644;100644;4ccc3a4e503f55015ea4c8630a9c3d34b3046eaf;bd7aea6c707fac7063183ab115571ffea76a1357;4;04-mon-osdmap-crush;P0;runtime/source;deep;Chọn đọc sâu trước: implementation thuộc MON/quorum, OSDMap, CRUSH, placement và pool flags.;
1520;v16.2.5;v16.2.15;src/mon/OSDMonitor.h;;M;M;11;2;FALSE;100644;100644;7ea12590c76e0697ecb3aefba6d4458e489eb7d6;e7701a63970ea5bcf7189f1764d5b1f7e7f983ed;4;04-mon-osdmap-crush;P0;runtime/source;deep;Chọn đọc sâu trước: implementation thuộc MON/quorum, OSDMap, CRUSH, placement và pool flags.;
1521;v16.2.5;v16.2.15;src/mon/PGMap.cc;;M;M;38;14;FALSE;100644;100644;55f72d35476076733ebc1a2f2a2535373753a6e4;4158acc3a6da379b5c7ef6f96e7f9618e45423a9;4;04-mon-osdmap-crush;P0;runtime/source;deep;Chọn đọc sâu trước: implementation thuộc MON/quorum, OSDMap, CRUSH, placement và pool flags.;
1522;v16.2.5;v16.2.15;src/mon/PGMap.h;;M;M;1;0;FALSE;100644;100644;6488cc895c76f1791a41023d960723c273d40238;9bdabb046e78f6feaa6623e7964b6d5c1a156b97;4;04-mon-osdmap-crush;P0;runtime/source;deep;Chọn đọc sâu trước: implementation thuộc MON/quorum, OSDMap, CRUSH, placement và pool flags.;
1523;v16.2.5;v16.2.15;src/mon/PaxosService.cc;;M;M;12;9;FALSE;100644;100644;94caea425747493146c171eb1d8708ed6d45188c;cfe11cb5049e836bd9529938db4bf72ace2e90aa;4;04-mon-osdmap-crush;P0;runtime/source;deep;Chọn đọc sâu trước: implementation thuộc MON/quorum, OSDMap, CRUSH, placement và pool flags.;
1524;v16.2.5;v16.2.15;src/mon/PaxosService.h;;M;M;1;2;FALSE;100644;100644;93c5e7c81f93273be882459b6365659dfa6291ab;de3145b9bbabc7556653def411e10543c273bb4d;4;04-mon-osdmap-crush;P0;runtime/source;deep;Chọn đọc sâu trước: implementation thuộc MON/quorum, OSDMap, CRUSH, placement và pool flags.;
1583;v16.2.5;v16.2.15;src/osd/OSDMap.cc;;M;M;227;17;FALSE;100644;100644;98b4c3e1821b8f6a48a341f33b5a7ca7b72a63f3;a263d4c10c6c060264048f84d13186490ebcd6df;4;04-mon-osdmap-crush;P0;runtime/source;deep;Chọn đọc sâu trước: implementation thuộc MON/quorum, OSDMap, CRUSH, placement và pool flags.;
1584;v16.2.5;v16.2.15;src/osd/OSDMap.h;;M;M;34;4;FALSE;100644;100644;711badddec066f7900d20606d92d06dbc67d7c79;fee74bfcbe95d7d541a34583bc3aa4f7bdf97a4c;4;04-mon-osdmap-crush;P0;runtime/source;deep;Chọn đọc sâu trước: implementation thuộc MON/quorum, OSDMap, CRUSH, placement và pool flags.;
1585;v16.2.5;v16.2.15;src/osd/OSDMapMapping.h;;M;M;5;4;FALSE;100644;100644;70258ff4e8d69652d2f6c6664f442a8f058e0f8f;3274d02e46349f4e5bc133a0acdc4387c697fa70;4;04-mon-osdmap-crush;P0;runtime/source;deep;Chọn đọc sâu trước: implementation thuộc MON/quorum, OSDMap, CRUSH, placement và pool flags.;
2496;v16.2.5;v16.2.15;src/test/mon/PGMap.cc;;M;M;4;2;FALSE;100644;100644;7280601fc3ac22e69e25cb207c0afebc7f469edd;7566651323fe12730a94625a5c64ee9d94d75b22;4;04-mon-osdmap-crush;P2;test/QA;reference-only;Không đọc độc lập;
2497;v16.2.5;v16.2.15;src/test/mon/test_election.cc;;M;M;9;5;FALSE;100644;100644;ca5415ff6a930a84aead5d1a7af8cca9b3f8037e;a232d7355f9f5f89c36769b71a1a26e6152b1255;4;04-mon-osdmap-crush;P2;test/QA;reference-only;Không đọc độc lập;
2498;v16.2.5;v16.2.15;src/test/mon/test_mon_workloadgen.cc;;M;M;4;2;FALSE;100644;100644;147ea8bcd04b0147ece4b940f6cc0e2fda36fd62;dcd2ee6e446bc453caf552d3d13c0ad985388243;4;04-mon-osdmap-crush;P2;test/QA;reference-only;Không đọc độc lập;
2563;v16.2.5;v16.2.15;src/tools/ceph_monstore_tool.cc;;M;M;33;4;FALSE;100644;100644;de26e8aedadb5d8e88910911a95fbc24485e794f;6614c9b88a5a0082173c90f017b5fb1a52866f6a;4;04-mon-osdmap-crush;P1;tool/script;conditional;Đọc theo điều kiện sử dụng;
2591;v16.2.5;v16.2.15;src/tools/osdmaptool.cc;;M;M;3;2;FALSE;100644;100644;9bbe40f4d169fbd297134df6d56813cdf6d79216;8d1a38f4b36ab928c62c6206f6c30bc7a289bbd5;4;04-mon-osdmap-crush;P1;tool/script;conditional;Đọc theo điều kiện sử dụng;
