"index";"base_tag";"target_tag";"path";"old_path";"status";"status_detail";"additions";"deletions";"binary";"old_mode";"new_mode";"old_blob";"new_blob";"group";"owner_report";"priority";"file_type";"review_mode";"analysis_decision";"diff_note";"upgrade_disposition";"finding_id";"disposition_reason";"symbols";"commit_shas";"evidence_status"
"45";"v16.2.5";"v16.2.15";"doc/cephadm/adoption.rst";"";"M";"M";"10";"4";"FALSE";"100644";"100644";"db4fded39816aa8e1595ef59a7073c209cde33a0";"78d1343eb35d03feae8f0d598ecd74c5bc801340";"8";"08-cephadm-orchestrator";"P2";"documentation";"reference-only";"Không phân tích code sâu";"";"support";"ADM-008";"Tài liệu adoption hỗ trợ kiểm chứng cephadm local/container lifecycle; không phải runtime change độc lập.";"";"";"support-inspected"
"46";"v16.2.5";"v16.2.15";"doc/cephadm/client-setup.rst";"";"M";"M";"29";"24";"FALSE";"100644";"100644";"3efc1cc11ffa7018afaa75eb386debd311d1e10d";"f98ba798b5fd662f6532018970d1a9eca9eaca41";"8";"08-cephadm-orchestrator";"P2";"documentation";"reference-only";"Không phân tích code sâu";"";"support";"ADM-004";"Tài liệu client/keyring hỗ trợ migration `_admin` và kiểm tra file client sau khi target MGR active.";"";"";"support-inspected"
"47";"v16.2.5";"v16.2.15";"doc/cephadm/compatibility.rst";"";"M";"M";"41";"29";"FALSE";"100644";"100644";"7c75b7445114b66b673456beeb4f1b4b44d5cef6";"46ab62a62726f1661980f08f3a08850d210abcb3";"8";"08-cephadm-orchestrator";"P2";"documentation";"reference-only";"Không phân tích code sâu";"";"support";"ADM-008";"Tài liệu compatibility hỗ trợ xác định host/container prerequisites; không tự thay đổi daemon.";"";"";"support-inspected"
"48";"v16.2.5";"v16.2.15";"doc/cephadm/host-management.rst";"";"M";"M";"161";"67";"FALSE";"100644";"100644";"bcf626752fca91a316f45518792f9e72e63f8ddb";"d75f581d85594c7b5cc788b30c7f11ce87335677";"8";"08-cephadm-orchestrator";"P2";"documentation";"reference-only";"Không phân tích code sâu";"";"support";"ADM-004,ADM-005,ADM-006";"Tài liệu host drain, offline removal và `_admin` guard hỗ trợ runbook lifecycle.";"";"";"support-inspected"
"49";"v16.2.5";"v16.2.15";"doc/cephadm/index.rst";"";"M";"M";"32";"25";"FALSE";"100644";"100644";"394f7b1cc579c01724bf79ca89598b15713eb859";"bfa3a4bb23b6306f8e478c8dcb50fa0ebcb26d23";"8";"08-cephadm-orchestrator";"P2";"documentation";"reference-only";"Không phân tích code sâu";"";"trivial";"";"Đã đọc hunk và lịch sử; thay đổi biên tập, fixture, refactor hoặc feature không tạo causal chain upgrade độc lập.";"";"";"screened-endpoint+history"
"50";"v16.2.5";"v16.2.15";"doc/cephadm/install.rst";"";"M";"M";"139";"28";"FALSE";"100644";"100644";"2a4a8887aceb2f4dda78f92a2d8217eae49f57c8";"42262af900301c815add8560c101e9afbfbd2519";"8";"08-cephadm-orchestrator";"P2";"documentation";"reference-only";"Không phân tích code sâu";"";"support";"ADM-004,ADM-007";"Tài liệu install/private registry hỗ trợ credential migration và image-pull gate.";"";"";"support-inspected"
"51";"v16.2.5";"v16.2.15";"doc/cephadm/mon.rst";"";"D";"D";"0";"188";"FALSE";"100644";"0";"38ae493f5ff2e726fe9cf7d25232aa59f95497f9";"0";"8";"08-cephadm-orchestrator";"P2";"documentation";"reference-only";"Không phân tích code sâu";"";"trivial";"";"Đã đọc hunk và lịch sử; thay đổi biên tập, fixture, refactor hoặc feature không tạo causal chain upgrade độc lập.";"";"";"screened-endpoint+history"
"52";"v16.2.5";"v16.2.15";"doc/cephadm/operations.rst";"";"M";"M";"323";"155";"FALSE";"100644";"100644";"56d1146de3ed52e5eb6760a51efafd40ffedc020";"09b6219c10d45829a66c4d0230f8b8a03ba7e8ef";"8";"08-cephadm-orchestrator";"P2";"documentation";"reference-only";"Không phân tích code sâu";"";"support";"ADM-006,ADM-008";"Tài liệu operations hỗ trợ daemon/systemd lifecycle và troubleshooting.";"";"";"support-inspected"
"53";"v16.2.5";"v16.2.15";"doc/cephadm/services/custom-container.rst";"doc/cephadm/custom-container.rst";"R";"R083";"18";"17";"FALSE";"100644";"100644";"542fcf16261d80234a8d843be18d196abb064419";"3ece248c5a4c9ed3e667b51c0c9daac7bca2146e";"8";"08-cephadm-orchestrator";"P2";"documentation";"reference-only";"Không phân tích code sâu";"";"support";"ADM-009";"Tài liệu custom-container hỗ trợ config/argument contract khi redeploy.";"";"";"support-inspected"
"54";"v16.2.5";"v16.2.15";"doc/cephadm/services/index.rst";"doc/cephadm/service-management.rst";"R";"R052";"356";"54";"FALSE";"100644";"100644";"02424d492e80943b5b7fc44e6b3a4a55c3cdebcd";"44a09c9877dae9d026f716d22bdf490fe456aca3";"8";"08-cephadm-orchestrator";"P2";"documentation";"reference-only";"Không phân tích code sâu";"";"support";"ADM-006,ADM-009";"Tài liệu service management hỗ trợ reconciliation và specialized-service validation.";"";"";"support-inspected"
"55";"v16.2.5";"v16.2.15";"doc/cephadm/services/iscsi.rst";"doc/cephadm/iscsi.rst";"R";"R088";"12";"1";"FALSE";"100644";"100644";"d34ff6abfa615bdcdb7dd86fbc643885c95933c5";"e039e8d9a34672043a4c9639429aaac1d2396cf9";"8";"08-cephadm-orchestrator";"P2";"documentation";"reference-only";"Không phân tích code sâu";"";"support";"ADM-009";"Tài liệu iSCSI hỗ trợ gateway redeploy/post-remove validation.";"";"";"support-inspected"
"56";"v16.2.5";"v16.2.15";"doc/cephadm/services/mds.rst";"doc/cephadm/mds.rst";"R";"R094";"3";"0";"FALSE";"100644";"100644";"fbee8d6bdc29787ebefb0bce7d1c6117bd8f0865";"949a0fa5d8e7a87340c5b22ecbc017993c6eeb8d";"8";"08-cephadm-orchestrator";"P2";"documentation";"reference-only";"Không phân tích code sâu";"";"support";"ADM-001";"Tài liệu MDS service hỗ trợ nhận diện CephFS daemon/service trong upgrade sequence.";"";"";"support-inspected"
"57";"v16.2.5";"v16.2.15";"doc/cephadm/services/mgr.rst";"";"A";"A";"43";"0";"FALSE";"0";"100644";"0";"133a00d77217b2e299a5d714a1c0412be2b47459";"8";"08-cephadm-orchestrator";"P2";"documentation";"reference-only";"Không phân tích code sâu";"";"support";"ADM-002,ADM-003";"Tài liệu MGR hỗ trợ failover và phased-upgrade runbook.";"";"";"support-inspected"
"58";"v16.2.5";"v16.2.15";"doc/cephadm/services/mon.rst";"";"A";"A";"179";"0";"FALSE";"0";"100644";"0";"6326b73f46d39bfbd01fbc4e22fb5f7b98e4635e";"8";"08-cephadm-orchestrator";"P2";"documentation";"reference-only";"Không phân tích code sâu";"";"support";"ADM-006";"Tài liệu MON service hỗ trợ stop/redeploy safety checks.";"";"";"support-inspected"
"59";"v16.2.5";"v16.2.15";"doc/cephadm/services/monitoring.rst";"doc/cephadm/monitoring.rst";"R";"R074";"203";"81";"FALSE";"100644";"100644";"14593b1bb18fae2f88906fde530cdc5cee43bd31";"f29a93e8298a4091cb661b77444378c161029001";"8";"08-cephadm-orchestrator";"P2";"documentation";"reference-only";"Không phân tích code sâu";"";"support";"ADM-009";"Tài liệu monitoring hỗ trợ cấu hình được render/redeploy sau MGR phase.";"";"";"support-inspected"
"60";"v16.2.5";"v16.2.15";"doc/cephadm/services/nfs.rst";"doc/cephadm/nfs.rst";"R";"R094";"8";"1";"FALSE";"100644";"100644";"631fe51bd0b71ba67222435648993994729613f5";"c48d0f7658f71e4ab8ba2e6d7efd34b35da40ae2";"8";"08-cephadm-orchestrator";"P2";"documentation";"reference-only";"Không phân tích code sâu";"";"support";"ADM-004,ADM-005,ADM-009";"Tài liệu NFS hỗ trợ migration `.nfs`, reschedule offline và continuity test.";"";"";"support-inspected"
"61";"v16.2.5";"v16.2.15";"doc/cephadm/services/osd.rst";"doc/cephadm/osd.rst";"R";"R081";"132";"77";"FALSE";"100644";"100644";"5c01d038f84fa6b344e098aad7891ec9527c603c";"f60956384a1534f1fd33437e029a76a9efe8cf60";"8";"08-cephadm-orchestrator";"P2";"documentation";"reference-only";"Không phân tích code sâu";"";"support";"ADM-006";"Tài liệu OSD lifecycle hỗ trợ drain/remove/replacement validation.";"";"";"support-inspected"
"62";"v16.2.5";"v16.2.15";"doc/cephadm/services/rgw.rst";"doc/cephadm/rgw.rst";"R";"R067";"113";"5";"FALSE";"100644";"100644";"8329ee27be098a8a96bda3abf260888bed19ba8b";"0c452c9aacf106e7dc932b22f30dc39958b4ba0e";"8";"08-cephadm-orchestrator";"P2";"documentation";"reference-only";"Không phân tích code sâu";"";"support";"ADM-009";"Tài liệu RGW/ingress hỗ trợ gateway configuration validation.";"";"";"support-inspected"
"63";"v16.2.5";"v16.2.15";"doc/cephadm/services/snmp-gateway.rst";"";"A";"A";"171";"0";"FALSE";"0";"100644";"0";"f927fdfd0a3881a095e65e485868907ebaefa40c";"8";"08-cephadm-orchestrator";"P2";"documentation";"reference-only";"Không phân tích code sâu";"";"trivial";"";"Đã đọc hunk và lịch sử; thay đổi biên tập, fixture, refactor hoặc feature không tạo causal chain upgrade độc lập.";"";"";"screened-endpoint+history"
"64";"v16.2.5";"v16.2.15";"doc/cephadm/troubleshooting.rst";"";"M";"M";"134";"54";"FALSE";"100644";"100644";"5858d3940e965a49682ec1651eab84ff1a26de7e";"d6c0d646c234844405510e45909dadc692b0db3a";"8";"08-cephadm-orchestrator";"P2";"documentation";"reference-only";"Không phân tích code sâu";"";"support";"ADM-005,ADM-007,ADM-008";"Troubleshooting hỗ trợ offline, registry/pull và local cephadm failure signals.";"";"";"support-inspected"
"65";"v16.2.5";"v16.2.15";"doc/cephadm/upgrade.rst";"";"M";"M";"141";"18";"FALSE";"100644";"100644";"4e3e657bf43c889ae9fdc25ebc0acff22a190dd6";"2bbfc30e5dc0843bf23076aa665adc66588dcaea";"8";"08-cephadm-orchestrator";"P2";"documentation";"reference-only";"Không phân tích code sâu";"";"support";"ADM-001,ADM-002,ADM-003,ADM-007";"Tài liệu upgrade mô tả offline pause, staggered parameters, image errors và post-upgrade checks.";"staggered upgrade; offline-host note; UPGRADE_FAILED_PULL";"b0cf380139c03f8f2a652630a1ecdf4fea90f523,2bc09c01e9dd13c99c100a6d5ebafbe367f6d8a7,3d9c06343147f75518885d2d6d69ebd987da2031,446f4c55b8f25dc14b4f07ea9a5503bc4425bc67";"support-inspected"
"97";"v16.2.5";"v16.2.15";"doc/dev/cephadm/developing-cephadm.rst";"";"M";"M";"20";"5";"FALSE";"100644";"100644";"9d6531d80a4320141ae079edc5b55c19b521395b";"d14d4f8d70dea57dd9d5a4e7034f5c163a9886c1";"8";"08-cephadm-orchestrator";"P2";"documentation";"reference-only";"Không phân tích code sâu";"";"support";"ADM-008";"Developer documentation supports delivery/redeploy context; no independent runtime effect.";"";"";"support-inspected"
"98";"v16.2.5";"v16.2.15";"doc/dev/cephadm/host-maintenance.rst";"";"M";"M";"2";"2";"FALSE";"100644";"100644";"af48dee01a6662bb49cf83c919bf112881bf5448";"2b84ec7bddb001da06f79e9dc4e49417eeaf2ef1";"8";"08-cephadm-orchestrator";"P2";"documentation";"reference-only";"Không phân tích code sâu";"";"support";"ADM-005,ADM-006";"Host-maintenance documentation supports offline/maintenance action checks.";"";"";"support-inspected"
"135";"v16.2.5";"v16.2.15";"doc/man/8/cephadm.rst";"";"M";"M";"7";"3";"FALSE";"100644";"100644";"db0c0698c37c0f92db6000ce063c5c0325a7090b";"ebcc3a6a2719bfafd7a73306d0ad6c931505f6e0";"8";"08-cephadm-orchestrator";"P2";"documentation";"reference-only";"Không phân tích code sâu";"";"support";"ADM-008";"cephadm man-page changes support local command behavior validation.";"";"";"support-inspected"
"694";"v16.2.5";"v16.2.15";"qa/suites/orch/cephadm/dashboard/0-distro/centos_8.2_kubic_stable.yaml";"";"D";"D";"0";"1";"FALSE";"120000";"0";"3afeed74d5099af61dbafbf61abbdda789164d4c";"0";"8";"08-cephadm-orchestrator";"P2";"test/QA";"reference-only";"Không đọc độc lập";"";"trivial";"";"Đã đọc hunk và lịch sử; thay đổi biên tập, fixture, refactor hoặc feature không tạo causal chain upgrade độc lập.";"";"";"screened-endpoint+history"
"695";"v16.2.5";"v16.2.15";"qa/suites/orch/cephadm/dashboard/0-distro/centos_8.stream_container_tools.yaml";"";"A";"A";"1";"0";"FALSE";"0";"120000";"0";"7a86f967f0203edafda26f1e53831cc5640b09c6";"8";"08-cephadm-orchestrator";"P2";"test/QA";"reference-only";"Không đọc độc lập";"";"trivial";"";"Đã đọc hunk và lịch sử; thay đổi biên tập, fixture, refactor hoặc feature không tạo causal chain upgrade độc lập.";"";"";"screened-endpoint+history"
"696";"v16.2.5";"v16.2.15";"qa/suites/orch/cephadm/dashboard/0-distro/ignorelist_health.yaml";"";"A";"A";"1";"0";"FALSE";"0";"120000";"0";"5cb891a95c3c84f2fcf67c2b0e5e678593400537";"8";"08-cephadm-orchestrator";"P2";"test/QA";"reference-only";"Không đọc độc lập";"";"trivial";"";"Đã đọc hunk và lịch sử; thay đổi biên tập, fixture, refactor hoặc feature không tạo causal chain upgrade độc lập.";"";"";"screened-endpoint+history"
"697";"v16.2.5";"v16.2.15";"qa/suites/orch/cephadm/dashboard/task/test_e2e.yaml";"";"M";"M";"25";"0";"FALSE";"100644";"100644";"cb6ffb22fe0cc704fac88e4fe1d669e53cf50fe4";"ca7268ac689238f443679fbb63c456e091b3a841";"8";"08-cephadm-orchestrator";"P2";"test/QA";"reference-only";"Không đọc độc lập";"";"trivial";"";"Đã đọc hunk và lịch sử; thay đổi biên tập, fixture, refactor hoặc feature không tạo causal chain upgrade độc lập.";"";"";"screened-endpoint+history"
"698";"v16.2.5";"v16.2.15";"qa/suites/orch/cephadm/mds_upgrade_sequence";"";"A";"A";"1";"0";"FALSE";"0";"120000";"0";"24aa41c1039f97b8e4f89fda56a2d4cdf80da736";"8";"08-cephadm-orchestrator";"P2";"test/QA";"reference-only";"Không đọc độc lập";"";"support";"ADM-001";"QA suite link exercises CephFS upgrade sequencing with ranks and standby-replay variants.";"qa suite link: mds_upgrade_sequence";"6b4ac696fb2123ab2d8c8fc237158e178cf49ba4";"support-inspected"
"699";"v16.2.5";"v16.2.15";"qa/suites/orch/cephadm/mgr-nfs-upgrade/%";"";"A";"A";"0";"0";"FALSE";"0";"100644";"0";"e69de29bb2d1d6434b8b29ae775ad8c2e48c5391";"8";"08-cephadm-orchestrator";"P2";"mechanical/zero-LOC";"reference-only";"Không đọc nội dung độc lập";"";"support";"ADM-004";"NFS-upgrade QA matrix supports legacy spec/export migration, workload continuity and final-state checks.";"mgr-nfs-upgrade suite";"a181dd28b20792c23eb1606cc2953fb643609ee1,48fb4dab3cae3a4138c0c7a7d6e6d53331c0c720,b48853cbc49805e6d60e39cce09ff06308671695";"support-inspected"
"700";"v16.2.5";"v16.2.15";"qa/suites/orch/cephadm/mgr-nfs-upgrade/.qa";"";"A";"A";"1";"0";"FALSE";"0";"120000";"0";"fea2489fdf6d9c5d189a12524b23f3f8daedd85a";"8";"08-cephadm-orchestrator";"P2";"test/QA";"reference-only";"Không đọc độc lập";"";"support";"ADM-004";"NFS-upgrade QA matrix supports legacy spec/export migration, workload continuity and final-state checks.";"mgr-nfs-upgrade suite";"a181dd28b20792c23eb1606cc2953fb643609ee1,48fb4dab3cae3a4138c0c7a7d6e6d53331c0c720,b48853cbc49805e6d60e39cce09ff06308671695";"support-inspected"
"701";"v16.2.5";"v16.2.15";"qa/suites/orch/cephadm/mgr-nfs-upgrade/0-distro/.qa";"";"A";"A";"1";"0";"FALSE";"0";"120000";"0";"fea2489fdf6d9c5d189a12524b23f3f8daedd85a";"8";"08-cephadm-orchestrator";"P2";"test/QA";"reference-only";"Không đọc độc lập";"";"support";"ADM-004";"NFS-upgrade QA matrix supports legacy spec/export migration, workload continuity and final-state checks.";"mgr-nfs-upgrade suite";"a181dd28b20792c23eb1606cc2953fb643609ee1,48fb4dab3cae3a4138c0c7a7d6e6d53331c0c720,b48853cbc49805e6d60e39cce09ff06308671695";"support-inspected"
"702";"v16.2.5";"v16.2.15";"qa/suites/orch/cephadm/mgr-nfs-upgrade/0-distro/centos_8.stream_container_tools.yaml";"";"A";"A";"1";"0";"FALSE";"0";"120000";"0";"7a86f967f0203edafda26f1e53831cc5640b09c6";"8";"08-cephadm-orchestrator";"P2";"test/QA";"reference-only";"Không đọc độc lập";"";"support";"ADM-004";"NFS-upgrade QA matrix supports legacy spec/export migration, workload continuity and final-state checks.";"mgr-nfs-upgrade suite";"a181dd28b20792c23eb1606cc2953fb643609ee1,48fb4dab3cae3a4138c0c7a7d6e6d53331c0c720,b48853cbc49805e6d60e39cce09ff06308671695";"support-inspected"
"703";"v16.2.5";"v16.2.15";"qa/suites/orch/cephadm/mgr-nfs-upgrade/1-bootstrap/16.2.4.yaml";"";"A";"A";"8";"0";"FALSE";"0";"100644";"0";"991562b94df620c048f0bf153663275241eb8452";"8";"08-cephadm-orchestrator";"P2";"test/QA";"reference-only";"Không đọc độc lập";"";"support";"ADM-004";"NFS-upgrade QA matrix supports legacy spec/export migration, workload continuity and final-state checks.";"mgr-nfs-upgrade suite";"a181dd28b20792c23eb1606cc2953fb643609ee1,48fb4dab3cae3a4138c0c7a7d6e6d53331c0c720,b48853cbc49805e6d60e39cce09ff06308671695";"support-inspected"
"704";"v16.2.5";"v16.2.15";"qa/suites/orch/cephadm/mgr-nfs-upgrade/1-bootstrap/16.2.5.yaml";"";"A";"A";"6";"0";"FALSE";"0";"100644";"0";"2568f23fabec1f62bbdce2e21b63d6e62b5cf945";"8";"08-cephadm-orchestrator";"P2";"test/QA";"reference-only";"Không đọc độc lập";"";"support";"ADM-004";"NFS-upgrade QA matrix supports legacy spec/export migration, workload continuity and final-state checks.";"mgr-nfs-upgrade suite";"a181dd28b20792c23eb1606cc2953fb643609ee1,48fb4dab3cae3a4138c0c7a7d6e6d53331c0c720,b48853cbc49805e6d60e39cce09ff06308671695";"support-inspected"
"705";"v16.2.5";"v16.2.15";"qa/suites/orch/cephadm/mgr-nfs-upgrade/1-bootstrap/octopus.yaml";"";"A";"A";"8";"0";"FALSE";"0";"100644";"0";"16670e7ecd25bb1e3fb94e6bb8c8c38f4969d840";"8";"08-cephadm-orchestrator";"P2";"test/QA";"reference-only";"Không đọc độc lập";"";"support";"ADM-004";"NFS-upgrade QA matrix supports legacy spec/export migration, workload continuity and final-state checks.";"mgr-nfs-upgrade suite";"a181dd28b20792c23eb1606cc2953fb643609ee1,48fb4dab3cae3a4138c0c7a7d6e6d53331c0c720,b48853cbc49805e6d60e39cce09ff06308671695";"support-inspected"
"706";"v16.2.5";"v16.2.15";"qa/suites/orch/cephadm/mgr-nfs-upgrade/1-start.yaml";"";"A";"A";"44";"0";"FALSE";"0";"100644";"0";"db4b260539494c1cd61e70ec6872209dce8bf9b4";"8";"08-cephadm-orchestrator";"P2";"test/QA";"reference-only";"Không đọc độc lập";"";"support";"ADM-004";"NFS-upgrade QA matrix supports legacy spec/export migration, workload continuity and final-state checks.";"mgr-nfs-upgrade suite";"a181dd28b20792c23eb1606cc2953fb643609ee1,48fb4dab3cae3a4138c0c7a7d6e6d53331c0c720,b48853cbc49805e6d60e39cce09ff06308671695";"support-inspected"
"707";"v16.2.5";"v16.2.15";"qa/suites/orch/cephadm/mgr-nfs-upgrade/2-nfs.yaml";"";"A";"A";"29";"0";"FALSE";"0";"100644";"0";"34680fc8a6b9114b32c5bc2108080f549fd68615";"8";"08-cephadm-orchestrator";"P2";"test/QA";"reference-only";"Không đọc độc lập";"";"support";"ADM-004";"NFS-upgrade QA matrix supports legacy spec/export migration, workload continuity and final-state checks.";"mgr-nfs-upgrade suite";"a181dd28b20792c23eb1606cc2953fb643609ee1,48fb4dab3cae3a4138c0c7a7d6e6d53331c0c720,b48853cbc49805e6d60e39cce09ff06308671695";"support-inspected"
"708";"v16.2.5";"v16.2.15";"qa/suites/orch/cephadm/mgr-nfs-upgrade/3-upgrade-with-workload.yaml";"";"A";"A";"41";"0";"FALSE";"0";"100644";"0";"362e0373416ea1478aaed9aa8c8fb1b47e273393";"8";"08-cephadm-orchestrator";"P2";"test/QA";"reference-only";"Không đọc độc lập";"";"support";"ADM-004";"NFS-upgrade QA matrix supports legacy spec/export migration, workload continuity and final-state checks.";"mgr-nfs-upgrade suite";"a181dd28b20792c23eb1606cc2953fb643609ee1,48fb4dab3cae3a4138c0c7a7d6e6d53331c0c720,b48853cbc49805e6d60e39cce09ff06308671695";"support-inspected"
"709";"v16.2.5";"v16.2.15";"qa/suites/orch/cephadm/mgr-nfs-upgrade/4-final.yaml";"";"A";"A";"10";"0";"FALSE";"0";"100644";"0";"2a834ead4c06909bc60ece482b02a6d999679c32";"8";"08-cephadm-orchestrator";"P2";"test/QA";"reference-only";"Không đọc độc lập";"";"support";"ADM-004";"NFS-upgrade QA matrix supports legacy spec/export migration, workload continuity and final-state checks.";"mgr-nfs-upgrade suite";"a181dd28b20792c23eb1606cc2953fb643609ee1,48fb4dab3cae3a4138c0c7a7d6e6d53331c0c720,b48853cbc49805e6d60e39cce09ff06308671695";"support-inspected"
"710";"v16.2.5";"v16.2.15";"qa/suites/orch/cephadm/osds/%";"";"A";"A";"0";"0";"FALSE";"0";"100644";"0";"e69de29bb2d1d6434b8b29ae775ad8c2e48c5391";"8";"08-cephadm-orchestrator";"P2";"mechanical/zero-LOC";"reference-only";"Không đọc nội dung độc lập";"";"support";"ADM-006";"OSD cephadm QA scenarios support remove/zap/reactivate/replacement lifecycle behavior.";"";"";"support-inspected"
"711";"v16.2.5";"v16.2.15";"qa/suites/orch/cephadm/osds/.qa";"";"A";"A";"1";"0";"FALSE";"0";"120000";"0";"fea2489fdf6d9c5d189a12524b23f3f8daedd85a";"8";"08-cephadm-orchestrator";"P2";"test/QA";"reference-only";"Không đọc độc lập";"";"support";"ADM-006";"OSD cephadm QA scenarios support remove/zap/reactivate/replacement lifecycle behavior.";"";"";"support-inspected"
"712";"v16.2.5";"v16.2.15";"qa/suites/orch/cephadm/osds/0-distro";"";"A";"A";"1";"0";"FALSE";"0";"120000";"0";"d2dffb181881d661eaa3798f14959a2205d45605";"8";"08-cephadm-orchestrator";"P2";"test/QA";"reference-only";"Không đọc độc lập";"";"support";"ADM-006";"OSD cephadm QA scenarios support remove/zap/reactivate/replacement lifecycle behavior.";"";"";"support-inspected"
"713";"v16.2.5";"v16.2.15";"qa/suites/orch/cephadm/osds/0-nvme-loop.yaml";"";"A";"A";"1";"0";"FALSE";"0";"120000";"0";"5206b6eddee8823bb7807f84c079471059510fe2";"8";"08-cephadm-orchestrator";"P2";"test/QA";"reference-only";"Không đọc độc lập";"";"support";"ADM-006";"OSD cephadm QA scenarios support remove/zap/reactivate/replacement lifecycle behavior.";"";"";"support-inspected"
"714";"v16.2.5";"v16.2.15";"qa/suites/orch/cephadm/osds/1-start.yaml";"";"A";"A";"25";"0";"FALSE";"0";"100644";"0";"4331d7c669493c09348223d0806c7b8370e638d1";"8";"08-cephadm-orchestrator";"P2";"test/QA";"reference-only";"Không đọc độc lập";"";"support";"ADM-006";"OSD cephadm QA scenarios support remove/zap/reactivate/replacement lifecycle behavior.";"";"";"support-inspected"
"715";"v16.2.5";"v16.2.15";"qa/suites/orch/cephadm/osds/2-ops/repave-all.yaml";"";"A";"A";"20";"0";"FALSE";"0";"100644";"0";"fd1f9c6c35fa39015587df82b118a5aa73613e9a";"8";"08-cephadm-orchestrator";"P2";"test/QA";"reference-only";"Không đọc độc lập";"";"support";"ADM-006";"OSD cephadm QA scenarios support remove/zap/reactivate/replacement lifecycle behavior.";"";"";"support-inspected"
"716";"v16.2.5";"v16.2.15";"qa/suites/orch/cephadm/osds/2-ops/rm-zap-add.yaml";"";"A";"A";"24";"0";"FALSE";"0";"100644";"0";"fb925e88ad65a776acfae94f336a69c11bfb1c99";"8";"08-cephadm-orchestrator";"P2";"test/QA";"reference-only";"Không đọc độc lập";"";"support";"ADM-006";"OSD cephadm QA scenarios support remove/zap/reactivate/replacement lifecycle behavior.";"";"";"support-inspected"
"717";"v16.2.5";"v16.2.15";"qa/suites/orch/cephadm/osds/2-ops/rm-zap-flag.yaml";"";"A";"A";"22";"0";"FALSE";"0";"100644";"0";"db612a16c2ba39f53662f4aaa991350b22667600";"8";"08-cephadm-orchestrator";"P2";"test/QA";"reference-only";"Không đọc độc lập";"";"support";"ADM-006";"OSD cephadm QA scenarios support remove/zap/reactivate/replacement lifecycle behavior.";"";"";"support-inspected"
"718";"v16.2.5";"v16.2.15";"qa/suites/orch/cephadm/osds/2-ops/rm-zap-wait.yaml";"";"A";"A";"23";"0";"FALSE";"0";"100644";"0";"72c043e8b00600af920f184832b4e2195b1a3669";"8";"08-cephadm-orchestrator";"P2";"test/QA";"reference-only";"Không đọc độc lập";"";"support";"ADM-006";"OSD cephadm QA scenarios support remove/zap/reactivate/replacement lifecycle behavior.";"";"";"support-inspected"
"719";"v16.2.5";"v16.2.15";"qa/suites/orch/cephadm/osds/2-ops/rmdir-reactivate.yaml";"";"A";"A";"28";"0";"FALSE";"0";"100644";"0";"501dea155836acd25b3393a05c90a0303ceecfe5";"8";"08-cephadm-orchestrator";"P2";"test/QA";"reference-only";"Không đọc độc lập";"";"support";"ADM-006";"OSD cephadm QA scenarios support remove/zap/reactivate/replacement lifecycle behavior.";"";"";"support-inspected"
"720";"v16.2.5";"v16.2.15";"qa/suites/orch/cephadm/rbd_iscsi";"";"A";"A";"1";"0";"FALSE";"0";"120000";"0";"f0073a1190fc2869a88e5258a35f1ece69ea38f8";"8";"08-cephadm-orchestrator";"P2";"test/QA";"reference-only";"Không đọc độc lập";"";"support";"ADM-009";"Suite composition marker supports iSCSI lifecycle coverage; no independent runtime effect.";"";"";"support-inspected"
"721";"v16.2.5";"v16.2.15";"qa/suites/orch/cephadm/smoke-roleless/0-nvme-loop.yaml";"";"A";"A";"1";"0";"FALSE";"0";"120000";"0";"5206b6eddee8823bb7807f84c079471059510fe2";"8";"08-cephadm-orchestrator";"P2";"test/QA";"reference-only";"Không đọc độc lập";"";"support";"ADM-005,ADM-009";"Roleless smoke scenarios support NFS/ingress/RGW scheduling and failover validation.";"";"";"support-inspected"
"722";"v16.2.5";"v16.2.15";"qa/suites/orch/cephadm/smoke-roleless/1-start.yaml";"";"M";"M";"0";"8";"FALSE";"100644";"100644";"2ca0d0e0086827c532a2488a6c9f064c0d28db26";"018356f8fe1baeb0730321d2c467075852805d19";"8";"08-cephadm-orchestrator";"P2";"test/QA";"reference-only";"Không đọc độc lập";"";"support";"ADM-005,ADM-009";"Roleless smoke scenarios support NFS/ingress/RGW scheduling and failover validation.";"";"";"support-inspected"
"723";"v16.2.5";"v16.2.15";"qa/suites/orch/cephadm/smoke-roleless/2-services/nfs-ingress-rgw-bucket.yaml";"";"A";"A";"89";"0";"FALSE";"0";"100644";"0";"3f4964978d929f479cab6f029cfddc9d6c6ff3de";"8";"08-cephadm-orchestrator";"P2";"test/QA";"reference-only";"Không đọc độc lập";"";"support";"ADM-005,ADM-009";"Roleless smoke scenarios support NFS/ingress/RGW scheduling and failover validation.";"";"";"support-inspected"
"724";"v16.2.5";"v16.2.15";"qa/suites/orch/cephadm/smoke-roleless/2-services/nfs-ingress-rgw-user.yaml";"";"A";"A";"90";"0";"FALSE";"0";"100644";"0";"721aecfc34e5748cb679297bb890cd5cd7353da8";"8";"08-cephadm-orchestrator";"P2";"test/QA";"reference-only";"Không đọc độc lập";"";"support";"ADM-005,ADM-009";"Roleless smoke scenarios support NFS/ingress/RGW scheduling and failover validation.";"";"";"support-inspected"
"725";"v16.2.5";"v16.2.15";"qa/suites/orch/cephadm/smoke-roleless/2-services/nfs-ingress.yaml";"";"M";"M";"1";"1";"FALSE";"100644";"100644";"3e5ad1a2ecbdbccaf397875af80b0e912acf0875";"b4e843df2611623ed7a13e52abb6a9f4e79fa703";"8";"08-cephadm-orchestrator";"P2";"test/QA";"reference-only";"Không đọc độc lập";"";"support";"ADM-005,ADM-009";"Roleless smoke scenarios support NFS/ingress/RGW scheduling and failover validation.";"";"";"support-inspected"
"726";"v16.2.5";"v16.2.15";"qa/suites/orch/cephadm/smoke-roleless/2-services/nfs-ingress2.yaml";"";"M";"M";"23";"3";"FALSE";"100644";"100644";"09fb3c7684bf476306efabb2ee108c45ac7cf33b";"a47dd9d7646bd54775d713b916381c425c30971f";"8";"08-cephadm-orchestrator";"P2";"test/QA";"reference-only";"Không đọc độc lập";"";"support";"ADM-005,ADM-009";"Roleless smoke scenarios support NFS/ingress/RGW scheduling and failover validation.";"";"";"support-inspected"
"727";"v16.2.5";"v16.2.15";"qa/suites/orch/cephadm/smoke-roleless/3-final.yaml";"";"M";"M";"2";"0";"FALSE";"100644";"100644";"02f5b289c1ad0cbb542ca85e5a65f7835b85f1ac";"bb938848cdac5aebf84063aa5d0d7dc96939d3fb";"8";"08-cephadm-orchestrator";"P2";"test/QA";"reference-only";"Không đọc độc lập";"";"support";"ADM-005,ADM-009";"Roleless smoke scenarios support NFS/ingress/RGW scheduling and failover validation.";"";"";"support-inspected"
"728";"v16.2.5";"v16.2.15";"qa/suites/orch/cephadm/smoke/0-nvme-loop.yaml";"";"A";"A";"1";"0";"FALSE";"0";"120000";"0";"5206b6eddee8823bb7807f84c079471059510fe2";"8";"08-cephadm-orchestrator";"P2";"test/QA";"reference-only";"Không đọc độc lập";"";"support";"ADM-005,ADM-006";"Smoke/thrash scenarios support host/daemon reconciliation and action failure validation.";"";"";"support-inspected"
"729";"v16.2.5";"v16.2.15";"qa/suites/orch/cephadm/smoke/distro";"";"A";"A";"1";"0";"FALSE";"0";"120000";"0";"be53a48336498366b0cc87abe9d57ca07df9e1c1";"8";"08-cephadm-orchestrator";"P2";"test/QA";"reference-only";"Không đọc độc lập";"";"support";"ADM-005,ADM-006";"Smoke/thrash scenarios support host/daemon reconciliation and action failure validation.";"";"";"support-inspected"
"730";"v16.2.5";"v16.2.15";"qa/suites/orch/cephadm/smoke/distro/centos_8.2_kubic_stable.yaml";"";"D";"D";"0";"1";"FALSE";"120000";"0";"3afeed74d5099af61dbafbf61abbdda789164d4c";"0";"8";"08-cephadm-orchestrator";"P2";"test/QA";"reference-only";"Không đọc độc lập";"";"support";"ADM-005,ADM-006";"Smoke/thrash scenarios support host/daemon reconciliation and action failure validation.";"";"";"support-inspected"
"731";"v16.2.5";"v16.2.15";"qa/suites/orch/cephadm/smoke/distro/rhel_8.3_kubic_stable.yaml";"";"D";"D";"0";"1";"FALSE";"120000";"0";"20f0f7c55ea1921724c93f42e863340d38896bb0";"0";"8";"08-cephadm-orchestrator";"P2";"test/QA";"reference-only";"Không đọc độc lập";"";"support";"ADM-005,ADM-006";"Smoke/thrash scenarios support host/daemon reconciliation and action failure validation.";"";"";"support-inspected"
"732";"v16.2.5";"v16.2.15";"qa/suites/orch/cephadm/smoke/distro/ubuntu_20.04.yaml";"";"D";"D";"0";"1";"FALSE";"120000";"0";"162964882d383e2200021a53f4cbea8db37edee8";"0";"8";"08-cephadm-orchestrator";"P2";"test/QA";"reference-only";"Không đọc độc lập";"";"support";"ADM-005,ADM-006";"Smoke/thrash scenarios support host/daemon reconciliation and action failure validation.";"";"";"support-inspected"
"733";"v16.2.5";"v16.2.15";"qa/suites/orch/cephadm/smoke/start.yaml";"";"M";"M";"10";"0";"FALSE";"100644";"100644";"f45b922bc1a5460641735d0e224f3fa80c82215e";"6a43d0f3d46da1624cca73fffe7505ffb0688941";"8";"08-cephadm-orchestrator";"P2";"test/QA";"reference-only";"Không đọc độc lập";"";"support";"ADM-005,ADM-006";"Smoke/thrash scenarios support host/daemon reconciliation and action failure validation.";"";"";"support-inspected"
"734";"v16.2.5";"v16.2.15";"qa/suites/orch/cephadm/thrash/2-thrash.yaml";"";"M";"M";"17";"0";"FALSE";"100644";"100644";"05e0f8e76d11d53ea633e3a70ef6e2f785c9e28e";"2f45d767658962294ad179d2085e951f521aa37b";"8";"08-cephadm-orchestrator";"P2";"test/QA";"reference-only";"Không đọc độc lập";"";"support";"ADM-005,ADM-006";"Smoke/thrash scenarios support host/daemon reconciliation and action failure validation.";"";"";"support-inspected"
"735";"v16.2.5";"v16.2.15";"qa/suites/orch/cephadm/upgrade/1-start-distro/1-start-centos_8.stream_container-tools.yaml";"qa/suites/orch/cephadm/upgrade/1-start-distro/1-start-centos_8.3-octopus.yaml";"R";"R052";"11";"10";"FALSE";"100644";"100644";"2e551dd439106a2e26ff175146f0f4cb7419c92d";"a1a9cb5effc7b751254638fd2f9525f3cffc955e";"8";"08-cephadm-orchestrator";"P2";"test/QA";"reference-only";"Không đọc độc lập";"";"support";"ADM-002,ADM-003";"Upgrade suite composition supports normal and phased MGR/daemon upgrade paths.";"";"";"support-inspected"
"736";"v16.2.5";"v16.2.15";"qa/suites/orch/cephadm/upgrade/3-upgrade/.qa";"";"A";"A";"1";"0";"FALSE";"0";"120000";"0";"a602a0353e7510e9ac07370ceaed121e2e528fa2";"8";"08-cephadm-orchestrator";"P2";"test/QA";"reference-only";"Không đọc độc lập";"";"support";"ADM-002,ADM-003";"Upgrade suite composition supports normal and phased MGR/daemon upgrade paths.";"";"";"support-inspected"
"737";"v16.2.5";"v16.2.15";"qa/suites/orch/cephadm/upgrade/3-upgrade/simple.yaml";"qa/suites/orch/cephadm/upgrade/3-start-upgrade.yaml";"R";"R100";"0";"0";"FALSE";"100644";"100644";"80463a6c075631c6d74422a8ac18f7bdba269120";"80463a6c075631c6d74422a8ac18f7bdba269120";"8";"08-cephadm-orchestrator";"P2";"mechanical/zero-LOC";"reference-only";"Không đọc nội dung độc lập";"";"support";"ADM-002,ADM-003";"Upgrade suite composition supports normal and phased MGR/daemon upgrade paths.";"";"";"support-inspected"
"738";"v16.2.5";"v16.2.15";"qa/suites/orch/cephadm/upgrade/3-upgrade/staggered.yaml";"";"A";"A";"111";"0";"FALSE";"0";"100644";"0";"ebd06c92d2627a2ade2343eae3ba64a08810c0c5";"8";"08-cephadm-orchestrator";"P2";"test/QA";"reference-only";"Không đọc độc lập";"";"support";"ADM-002,ADM-003";"Staggered-upgrade QA exercises manual first MGR redeploy, filtered phases, limit and deployed-by completion.";"staggered upgrade task";"30f513dfa4f53fbff13e2dd78dd671c74ff1f2e7";"support-inspected"
"739";"v16.2.5";"v16.2.15";"qa/suites/orch/cephadm/upgrade/4-wait.yaml";"";"M";"M";"13";"1";"FALSE";"100644";"100644";"e71143dafe43b189f086e175dd3a357b39201b53";"ddba90e93d99d207b697605642b91af9ce37be40";"8";"08-cephadm-orchestrator";"P2";"test/QA";"reference-only";"Không đọc độc lập";"";"support";"ADM-002,ADM-003,ADM-007";"Upgrade wait task checks health/failure stop signals after phased image rollout.";"";"";"support-inspected"
"740";"v16.2.5";"v16.2.15";"qa/suites/orch/cephadm/upgrade/5-upgrade-ls.yaml";"";"A";"A";"6";"0";"FALSE";"0";"100644";"0";"236ea6c6bae2de43038bca3db2c0a005fb9e42a8";"8";"08-cephadm-orchestrator";"P2";"test/QA";"reference-only";"Không đọc độc lập";"";"support";"ADM-007";"Upgrade-list QA supports registry tag listing/error path.";"";"";"support-inspected"
"741";"v16.2.5";"v16.2.15";"qa/suites/orch/cephadm/workunits/0-distro/centos_8.2_kubic_stable.yaml";"";"D";"D";"0";"1";"FALSE";"120000";"0";"3afeed74d5099af61dbafbf61abbdda789164d4c";"0";"8";"08-cephadm-orchestrator";"P2";"test/QA";"reference-only";"Không đọc độc lập";"";"support";"ADM-006,ADM-009";"cephadm workunit suite supports orchestrator CLI, NFS/iSCSI container and daemon lifecycle behavior.";"";"";"support-inspected"
"742";"v16.2.5";"v16.2.15";"qa/suites/orch/cephadm/workunits/0-distro/centos_8.stream_container_tools.yaml";"";"A";"A";"1";"0";"FALSE";"0";"120000";"0";"7a86f967f0203edafda26f1e53831cc5640b09c6";"8";"08-cephadm-orchestrator";"P2";"test/QA";"reference-only";"Không đọc độc lập";"";"support";"ADM-006,ADM-009";"cephadm workunit suite supports orchestrator CLI, NFS/iSCSI container and daemon lifecycle behavior.";"";"";"support-inspected"
"743";"v16.2.5";"v16.2.15";"qa/suites/orch/cephadm/workunits/task/.qa";"";"A";"A";"1";"0";"FALSE";"0";"120000";"0";"a602a0353e7510e9ac07370ceaed121e2e528fa2";"8";"08-cephadm-orchestrator";"P2";"test/QA";"reference-only";"Không đọc độc lập";"";"support";"ADM-006,ADM-009";"cephadm workunit suite supports orchestrator CLI, NFS/iSCSI container and daemon lifecycle behavior.";"";"";"support-inspected"
"744";"v16.2.5";"v16.2.15";"qa/suites/orch/cephadm/workunits/task/test_iscsi_container/+";"";"A";"A";"0";"0";"FALSE";"0";"100644";"0";"e69de29bb2d1d6434b8b29ae775ad8c2e48c5391";"8";"08-cephadm-orchestrator";"P2";"mechanical/zero-LOC";"reference-only";"Không đọc nội dung độc lập";"";"support";"ADM-006,ADM-009";"cephadm workunit suite supports orchestrator CLI, NFS/iSCSI container and daemon lifecycle behavior.";"";"";"support-inspected"
"745";"v16.2.5";"v16.2.15";"qa/suites/orch/cephadm/workunits/task/test_iscsi_container/.qa";"";"A";"A";"1";"0";"FALSE";"0";"120000";"0";"a602a0353e7510e9ac07370ceaed121e2e528fa2";"8";"08-cephadm-orchestrator";"P2";"test/QA";"reference-only";"Không đọc độc lập";"";"support";"ADM-006,ADM-009";"cephadm workunit suite supports orchestrator CLI, NFS/iSCSI container and daemon lifecycle behavior.";"";"";"support-inspected"
"746";"v16.2.5";"v16.2.15";"qa/suites/orch/cephadm/workunits/task/test_iscsi_container/centos_8.stream_container_tools.yaml";"";"A";"A";"1";"0";"FALSE";"0";"120000";"0";"7a86f967f0203edafda26f1e53831cc5640b09c6";"8";"08-cephadm-orchestrator";"P2";"test/QA";"reference-only";"Không đọc độc lập";"";"support";"ADM-006,ADM-009";"cephadm workunit suite supports orchestrator CLI, NFS/iSCSI container and daemon lifecycle behavior.";"";"";"support-inspected"
"747";"v16.2.5";"v16.2.15";"qa/suites/orch/cephadm/workunits/task/test_iscsi_container/test_iscsi_container.yaml";"";"A";"A";"21";"0";"FALSE";"0";"100644";"0";"19d302c87deb734522ebdeaacb681fef308a6aea";"8";"08-cephadm-orchestrator";"P2";"test/QA";"reference-only";"Không đọc độc lập";"";"support";"ADM-006,ADM-009";"cephadm workunit suite supports orchestrator CLI, NFS/iSCSI container and daemon lifecycle behavior.";"";"";"support-inspected"
"748";"v16.2.5";"v16.2.15";"qa/suites/orch/cephadm/workunits/task/test_nfs.yaml";"";"A";"A";"23";"0";"FALSE";"0";"100644";"0";"afa9deecb8e4b4122fbd8188d6b57884f5a266b3";"8";"08-cephadm-orchestrator";"P2";"test/QA";"reference-only";"Không đọc độc lập";"";"support";"ADM-006,ADM-009";"cephadm workunit suite supports orchestrator CLI, NFS/iSCSI container and daemon lifecycle behavior.";"";"";"support-inspected"
"749";"v16.2.5";"v16.2.15";"qa/suites/orch/cephadm/workunits/task/test_orch_cli.yaml";"";"M";"M";"7";"1";"FALSE";"100644";"100644";"b62872123425b974df3aa2839cf789cdf9e3b0a2";"a1b8a4c0f899af226227e39ef6b2c33c3b9c4f8a";"8";"08-cephadm-orchestrator";"P2";"test/QA";"reference-only";"Không đọc độc lập";"";"support";"ADM-006,ADM-009";"cephadm workunit suite supports orchestrator CLI, NFS/iSCSI container and daemon lifecycle behavior.";"";"";"support-inspected"
"750";"v16.2.5";"v16.2.15";"qa/suites/orch/cephadm/workunits/task/test_orch_cli_mon.yaml";"";"A";"A";"52";"0";"FALSE";"0";"100644";"0";"5e8d286db78ce0a0654472471b38d2d7eb4721da";"8";"08-cephadm-orchestrator";"P2";"test/QA";"reference-only";"Không đọc độc lập";"";"support";"ADM-006,ADM-009";"cephadm workunit suite supports orchestrator CLI, NFS/iSCSI container and daemon lifecycle behavior.";"";"";"support-inspected"
"948";"v16.2.5";"v16.2.15";"qa/tasks/cephadm.conf";"";"M";"M";"2";"0";"FALSE";"100644";"100644";"bd1ab821eca526c565e1b4e0a1863bf9d1b00baa";"2a83b083de3f8a6a3930b1d05745b1208fec2116";"8";"08-cephadm-orchestrator";"P2";"test/QA";"reference-only";"Không đọc độc lập";"";"support";"ADM-005,ADM-006,ADM-007";"Teuthology cephadm task/config supports offline, deployment and image handling paths.";"";"";"support-inspected"
"949";"v16.2.5";"v16.2.15";"qa/tasks/cephadm.py";"";"M";"M";"33";"7";"FALSE";"100644";"100644";"57ede18136cf46ce7e0818c6773c6ae6e2db0fd5";"a70c060de395f13f07c28d5dd5054c878dd6bb28";"8";"08-cephadm-orchestrator";"P2";"test/QA";"reference-only";"Không đọc độc lập";"";"support";"ADM-005,ADM-006,ADM-007";"Teuthology cephadm task/config supports offline, deployment and image handling paths.";"";"";"support-inspected"
"996";"v16.2.5";"v16.2.15";"qa/tasks/kubeadm.py";"";"M";"M";"27";"1";"FALSE";"100644";"100644";"c870bbae86f00f9bdb9ce1914b11113c334097cd";"9f147c6e77c431e68fce3f6e8daf7476170fa72a";"8";"08-cephadm-orchestrator";"P2";"test/QA";"reference-only";"Không đọc độc lập";"";"trivial";"";"Đã đọc hunk và lịch sử; thay đổi biên tập, fixture, refactor hoặc feature không tạo causal chain upgrade độc lập.";"";"";"screened-endpoint+history"
"1031";"v16.2.5";"v16.2.15";"qa/tasks/rook.py";"";"M";"M";"6";"0";"FALSE";"100644";"100644";"bdd9e58dcd3f6a68ff06083e635fc19265fd83ff";"e9d6552be11f26f27be52c61c3c2d37fb8488464";"8";"08-cephadm-orchestrator";"P2";"test/QA";"reference-only";"Không đọc độc lập";"";"trivial";"";"Đã đọc hunk và lịch sử; thay đổi biên tập, fixture, refactor hoặc feature không tạo causal chain upgrade độc lập.";"";"";"screened-endpoint+history"
"1041";"v16.2.5";"v16.2.15";"qa/workunits/cephadm/test_cephadm.sh";"";"M";"M";"33";"2";"FALSE";"100755";"100755";"2bc94b88c5a7e2da2f463ea9fdc03d6019eb503b";"0b5ebe95f5cf731661bcd3280e8ab45af5c5a64a";"8";"08-cephadm-orchestrator";"P2";"test/QA";"reference-only";"Không đọc độc lập";"";"support";"ADM-007,ADM-008";"cephadm workunit supports local image, unit and lifecycle command behavior.";"";"";"support-inspected"
"1042";"v16.2.5";"v16.2.15";"qa/workunits/cephadm/test_dashboard_e2e.sh";"";"M";"M";"12";"15";"FALSE";"100755";"100755";"bd37154d9b879e298669a4ae907085cfea63ad46";"e6dfaa9cef0389b164bcc9d9566a4d95b5436686";"8";"08-cephadm-orchestrator";"P2";"test/QA";"reference-only";"Không đọc độc lập";"";"trivial";"";"Đã đọc hunk và lịch sử; thay đổi biên tập, fixture, refactor hoặc feature không tạo causal chain upgrade độc lập.";"";"";"screened-endpoint+history"
"1043";"v16.2.5";"v16.2.15";"qa/workunits/cephadm/test_iscsi_etc_hosts.sh";"";"A";"A";"21";"0";"FALSE";"0";"100755";"0";"adbc34a926a7cf7cbd12e35c8298a0e814ee5eeb";"8";"08-cephadm-orchestrator";"P2";"test/QA";"reference-only";"Không đọc độc lập";"";"support";"ADM-008,ADM-009";"iSCSI workunits support host mounts, PID limits and container lifecycle.";"";"";"support-inspected"
"1044";"v16.2.5";"v16.2.15";"qa/workunits/cephadm/test_iscsi_pids_limit.sh";"";"A";"A";"24";"0";"FALSE";"0";"100755";"0";"32326f140f2f6ed4099b12514f225fad3b0ab509";"8";"08-cephadm-orchestrator";"P2";"test/QA";"reference-only";"Không đọc độc lập";"";"support";"ADM-008,ADM-009";"iSCSI workunits support host mounts, PID limits and container lifecycle.";"";"";"support-inspected"
"1045";"v16.2.5";"v16.2.15";"qa/workunits/cephadm/test_repos.sh";"";"M";"M";"1";"1";"FALSE";"100755";"100755";"148972cebde710002b9b45c9a86743627efa12e3";"4b0749231df5bcdc02ba34afdaab5cc2ce321300";"8";"08-cephadm-orchestrator";"P2";"test/QA";"reference-only";"Không đọc độc lập";"";"support";"ADM-007";"Repository workunit supports cephadm package/repository error handling.";"";"";"support-inspected"
"1171";"v16.2.5";"v16.2.15";"src/cephadm/cephadm";"";"M";"M";"1868";"589";"FALSE";"100755";"100755";"92bb8d617823751002bfa69a66de8852c3708b7e";"5b85dadfb2aa4418550b60e5da75c69a4115181f";"8";"08-cephadm-orchestrator";"P1";"runtime/source";"deep";"Chọn đọc sâu theo nhóm: implementation thuộc cephadm/orchestrator, upgrade và daemon lifecycle.";"";"mixed";"ADM-006,ADM-007,ADM-008";"Standalone cephadm contains upgrade-relevant image, name-compatibility, systemd stop/start, firewall and error paths plus unrelated feature/refactor hunks.";"CephContainer.cname; get_running_container_name; command_pull; deploy_daemon_units; command_unit";"00cc31d254520fc66f183d6eba23e3f049b75832,979e9febdd7addcb21e023a408ea3d0c0001d8df,d52167b3fa1ed6bde063d328fefe2af4a2516092,ea3289f0f69645b138121e6d14fc8bbdfd70b50d,1e4461f42d48559927947cca59e6db81316dd4cd,64bc43d06663077a540c54395fcf990ca8dedb31,94bdc00f83025e6bc00901d2af9c262c807a8ab8";"verified-endpoint+history"
"1172";"v16.2.5";"v16.2.15";"src/cephadm/tests/fixtures.py";"";"M";"M";"29";"14";"FALSE";"100644";"100644";"2f07d6034805a5d9e3ecf1df897ede8790c59d5b";"45990d910b6b82c540b69340863c255ff9aa76e9";"8";"08-cephadm-orchestrator";"P2";"test/QA";"reference-only";"Không đọc độc lập";"";"support";"ADM-006,ADM-007,ADM-008";"Standalone cephadm fixtures/tests support container naming, pull errors and unit lifecycle behavior.";"";"";"support-inspected"
"1173";"v16.2.5";"v16.2.15";"src/cephadm/tests/test_cephadm.py";"";"M";"M";"1557";"233";"FALSE";"100644";"100644";"42853fb6b377e9c77093b03c3338cb4d0c82ab6e";"ec526a05e05c23b059384391b5023df8bbe1613a";"8";"08-cephadm-orchestrator";"P2";"test/QA";"reference-only";"Không đọc độc lập";"";"support";"ADM-006,ADM-007,ADM-008";"Standalone cephadm fixtures/tests support container naming, pull errors and unit lifecycle behavior.";"";"";"support-inspected"
"1174";"v16.2.5";"v16.2.15";"src/cephadm/tests/test_networks.py";"";"A";"A";"235";"0";"FALSE";"0";"100644";"0";"6fa47ea2704f6efda5932b47a4d71085d572543f";"8";"08-cephadm-orchestrator";"P2";"test/QA";"reference-only";"Không đọc độc lập";"";"support";"ADM-008";"Network parsing tests support bootstrap/deploy address handling; no independent finding.";"";"";"support-inspected"
"1175";"v16.2.5";"v16.2.15";"src/cephadm/tox.ini";"";"M";"M";"4";"3";"FALSE";"100644";"100644";"6f25b4008f0fc3309ebacf22093a01204f27175c";"079605afcae928a458f56d07c63cd3fc21edbf00";"8";"08-cephadm-orchestrator";"P1";"config/schema";"deep";"Đọc sâu option/default/schema và điều kiện có hiệu lực: cephadm/orchestrator, upgrade và daemon lifecycle.";"";"trivial";"";"Đã đọc hunk và lịch sử; thay đổi biên tập, fixture, refactor hoặc feature không tạo causal chain upgrade độc lập.";"";"";"screened-endpoint+history"
"1632";"v16.2.5";"v16.2.15";"src/pybind/mgr/cephadm/configchecks.py";"";"M";"M";"1";"9";"FALSE";"100644";"100644";"af80bd2619f15b0452c7d0daa4aeb48a4b77ec38";"dc7a098277f77bb35ae1048531360b4f0a705c23";"8";"08-cephadm-orchestrator";"P1";"runtime/source";"deep";"Chọn đọc sâu theo nhóm: implementation thuộc cephadm/orchestrator, upgrade và daemon lifecycle.";"";"trivial";"";"Đã đọc hunk và lịch sử; thay đổi biên tập, fixture, refactor hoặc feature không tạo causal chain upgrade độc lập.";"";"";"screened-endpoint+history"
"1633";"v16.2.5";"v16.2.15";"src/pybind/mgr/cephadm/inventory.py";"";"M";"M";"99";"65";"FALSE";"100644";"100644";"d0509b66124eea5118c764feb609f52fc1c4f271";"8299383bda447b459b4439493ca196c7819096ea";"8";"08-cephadm-orchestrator";"P1";"runtime/source";"deep";"Chọn đọc sâu theo nhóm: implementation thuộc cephadm/orchestrator, upgrade và daemon lifecycle.";"";"mixed";"ADM-004,ADM-005,ADM-007";"Inventory/cache changes feed NFS migration queue, unreachable-host state and registry-login distribution; file also has unrelated cache changes.";"SpecStore.load; HostCache; host_needs_registry_login; nfs_migration_queue";"a181dd28b20792c23eb1606cc2953fb643609ee1,b509163076499d705dae596b3e24e24a62f34789,b48853cbc49805e6d60e39cce09ff06308671695";"verified-endpoint+history"
"1634";"v16.2.5";"v16.2.15";"src/pybind/mgr/cephadm/migrations.py";"";"M";"M";"199";"8";"FALSE";"100644";"100644";"cf30d15c28e7eeadb6a184bb2a426923beaced44";"4a8c1b2f5bab09795a4fbfcd0bbd05c53c1b8b30";"8";"08-cephadm-orchestrator";"P1";"runtime/source";"deep";"Chọn đọc sâu theo nhóm: implementation thuộc cephadm/orchestrator, upgrade và daemon lifecycle.";"";"material";"ADM-004";"Direct persistent control-state migration from 2 to 5: legacy NFS data/specs, client.admin placement and registry credentials; creates verified rollback boundary.";"LAST_MIGRATION; migrate_2_3; migrate_nfs_spec; migrate_3_4; migrate_4_5; set_sane_migration_current";"a181dd28b20792c23eb1606cc2953fb643609ee1,161692011c81733d374b57b2047592d59100b8ee,b0affad4408feb6b7a5a7dd2ca64f8ab401313fc,48fb4dab3cae3a4138c0c7a7d6e6d53331c0c720,b48853cbc49805e6d60e39cce09ff06308671695,d706d9344faf6627ff12aaba570ee42d187a03e7";"verified-endpoint+history"
"1635";"v16.2.5";"v16.2.15";"src/pybind/mgr/cephadm/module.py";"";"M";"M";"556";"99";"FALSE";"100644";"100644";"39a470c9dbae8dba7d801b5f126b9baf2b69c132";"682ea210748671cd741aad8c0b557673d3eeab4a";"8";"08-cephadm-orchestrator";"P1";"runtime/source";"deep";"Chọn đọc sâu theo nhóm: implementation thuộc cephadm/orchestrator, upgrade và daemon lifecycle.";"";"mixed";"ADM-003,ADM-004,ADM-005,ADM-006,ADM-007,ADM-009";"Orchestrator module exposes phased-upgrade, migration, offline/remove/drain, registry and service-action contracts plus unrelated features.";"CephadmOrchestrator; service_action; remove_host; drain_host; registry_login; _schedulable_hosts; _unreachable_hosts";"4df6c4a7b583b452fa2a9f7b319a6ea53742687b,f2c30f72a0b79955bd4e3f62fe4ca6b71253629,b509163076499d705dae596b3e24e24a62f34789,b48853cbc49805e6d60e39cce09ff06308671695,843238c1a5c0f2e3ff11a9f6e669941818f53ac1,3c875aa98bc2329b3cbca763af17a9a7cbc3921b";"verified-endpoint+history"
"1636";"v16.2.5";"v16.2.15";"src/pybind/mgr/cephadm/offline_watcher.py";"";"A";"A";"70";"0";"FALSE";"0";"100644";"0";"006156fc736031e889d9e5ada91acf62fe716177";"8";"08-cephadm-orchestrator";"P1";"runtime/source";"deep";"Chọn đọc sâu theo nhóm: implementation thuộc cephadm/orchestrator, upgrade và daemon lifecycle.";"";"conditional";"ADM-005";"Background watcher probes hosts carrying reschedulable NFS/HAProxy daemons and wakes reconciliation on reachability loss; applies only when such services exist.";"OfflineHostWatcher.run; check_host; set_hosts";"2f58f78ddb11643bf9bff277840eeee326e84235,0f46165a0eb37a49b95c699ae9137798b8023b89";"verified-endpoint+history"
"1637";"v16.2.5";"v16.2.15";"src/pybind/mgr/cephadm/registry.py";"";"A";"A";"65";"0";"FALSE";"0";"100644";"0";"31e5fb23e807bc0453c43fd1efc8c0dfb7420a85";"8";"08-cephadm-orchestrator";"P1";"runtime/source";"deep";"Chọn đọc sâu theo nhóm: implementation thuộc cephadm/orchestrator, upgrade và daemon lifecycle.";"";"conditional";"ADM-007";"Registry tag client converts connection/auth failures into explicit upgrade-list errors; applies when registry listing is used.";"Registry.get_tags; get_token";"f17151ee5f66a0b68e9d7f1455812e4f73c208aa";"verified-endpoint+history"
"1638";"v16.2.5";"v16.2.15";"src/pybind/mgr/cephadm/schedule.py";"";"M";"M";"49";"21";"FALSE";"100644";"100644";"14d44fbfee24894b83f7ebefaac03677829aeb03";"a727f50491f509718c11593f264ba2b5191cac07";"8";"08-cephadm-orchestrator";"P1";"runtime/source";"deep";"Chọn đọc sâu theo nhóm: implementation thuộc cephadm/orchestrator, upgrade và daemon lifecycle.";"";"mixed";"ADM-005,ADM-006";"Scheduler preserves unreachable daemon placements, selectively reschedules NFS and fixes deterministic candidate hashing; other scheduling cleanup is non-material.";"HostAssignment.place; remove_non_maintenance_unreachable_candidates; get_candidates";"b509163076499d705dae596b3e24e24a62f34789,84a650d3f581f5c94cf3eb6d39ad3bfbca719044,9aa4468f5bfbfc5cd6c468e08120346a1319d7b9";"verified-endpoint+history"
"1639";"v16.2.5";"v16.2.15";"src/pybind/mgr/cephadm/serve.py";"";"M";"M";"518";"327";"FALSE";"100644";"100644";"3a2128e4958045ca6e1b9b43a9e8edd6c848887e";"5c491b23bb3736a333aa3bcb5f98fbc682f82cfe";"8";"08-cephadm-orchestrator";"P1";"runtime/source";"deep";"Chọn đọc sâu theo nhóm: implementation thuộc cephadm/orchestrator, upgrade và daemon lifecycle.";"";"mixed";"ADM-004,ADM-005,ADM-006,ADM-007,ADM-009";"Serve loop gates reconciliation on migrations, suppresses offline actions, hardens progress/error paths and changes registry/deploy/remove behavior; file also contains unrelated feature work.";"CephadmServe.serve; _apply_service; _check_daemons; _create_daemon; _remove_daemon; _run_cephadm_json; _get_container_image_info";"6cc1b8142f87e8d4f05fb96540dcf590abd10c50,5f339b2c9a39ccf7ca4172b7b93570e3a33a9d58,79333c0390905771d4c6891192520a172ee7e00e,40f1261fb885509d52d6e4d187845d51f8ab93c0,f48e8a14e8d6441e671c338e02a9f43a01172152,c4b4f739b0ff3fdb70e7aa4ee50aebd655af6881,cc33d089ccff92780fd196b84f9fe7e1f79a824f";"verified-endpoint+history"
"1640";"v16.2.5";"v16.2.15";"src/pybind/mgr/cephadm/services/cephadmservice.py";"";"M";"M";"88";"32";"FALSE";"100644";"100644";"96e459c70a7e713029ae2a897b74871795ec0feb";"a3f97b75e8e8fe2da8ff062958b76d3f6513052f";"8";"08-cephadm-orchestrator";"P1";"runtime/source";"deep";"Chọn đọc sâu theo nhóm: implementation thuộc cephadm/orchestrator, upgrade và daemon lifecycle.";"";"mixed";"ADM-006,ADM-009";"Common service lifecycle adds failed-deploy cleanup, post-remove context and extra deploy arguments; relevance depends on service redeploy.";"CephadmService; CephadmDaemonDeploySpec; post_remove; ok_to_stop";"a08c0fbc185b668ffd60b8dece665d3b83942b13,24d2bc57328cd72465d3f8945d43b13981d2f1d8";"verified-endpoint+history"
"1641";"v16.2.5";"v16.2.15";"src/pybind/mgr/cephadm/services/exporter.py";"";"M";"M";"2";"2";"FALSE";"100644";"100644";"d6bef885bc2fea214da6a2697195bbbac42dbded";"b9c7d85e6256aba59b2a15378d447ee80b59f80a";"8";"08-cephadm-orchestrator";"P1";"runtime/source";"deep";"Chọn đọc sâu theo nhóm: implementation thuộc cephadm/orchestrator, upgrade và daemon lifecycle.";"";"trivial";"";"Đã đọc hunk và lịch sử; thay đổi biên tập, fixture, refactor hoặc feature không tạo causal chain upgrade độc lập.";"";"";"screened-endpoint+history"
"1642";"v16.2.5";"v16.2.15";"src/pybind/mgr/cephadm/services/ingress.py";"";"M";"M";"95";"28";"FALSE";"100644";"100644";"f78f558a2d8f8a309375456c9bce09a7147b0a20";"93f2acc4429c1d96c22428e264a4d6bc8259d3e3";"8";"08-cephadm-orchestrator";"P1";"runtime/source";"deep";"Chọn đọc sâu theo nhóm: implementation thuộc cephadm/orchestrator, upgrade và daemon lifecycle.";"";"conditional";"ADM-009";"Specialized ingress/iSCSI/monitoring service config and post-action changes become active when those daemons are redeployed or reconfigured.";"service config; prepare_create; post_remove; config_dashboard";"";"verified-endpoint+history"
"1643";"v16.2.5";"v16.2.15";"src/pybind/mgr/cephadm/services/iscsi.py";"";"M";"M";"21";"8";"FALSE";"100644";"100644";"c87307e1b73641e9bfeb57583176a618b98e82fb";"61b157b444ca1a969ee7807cc63815711ca6ee07";"8";"08-cephadm-orchestrator";"P1";"runtime/source";"deep";"Chọn đọc sâu theo nhóm: implementation thuộc cephadm/orchestrator, upgrade và daemon lifecycle.";"";"conditional";"ADM-009";"Specialized ingress/iSCSI/monitoring service config and post-action changes become active when those daemons are redeployed or reconfigured.";"service config; prepare_create; post_remove; config_dashboard";"";"verified-endpoint+history"
"1644";"v16.2.5";"v16.2.15";"src/pybind/mgr/cephadm/services/monitoring.py";"";"M";"M";"215";"50";"FALSE";"100644";"100644";"c32a1a1ee6bbd366d7b3217e481ea549b515e1a0";"479ea30f17817c06a33e56c88905be4502a508f5";"8";"08-cephadm-orchestrator";"P1";"runtime/source";"deep";"Chọn đọc sâu theo nhóm: implementation thuộc cephadm/orchestrator, upgrade và daemon lifecycle.";"";"conditional";"ADM-009";"Specialized ingress/iSCSI/monitoring service config and post-action changes become active when those daemons are redeployed or reconfigured.";"service config; prepare_create; post_remove; config_dashboard";"";"verified-endpoint+history"
"1645";"v16.2.5";"v16.2.15";"src/pybind/mgr/cephadm/services/nfs.py";"";"M";"M";"20";"26";"FALSE";"100644";"100644";"e6439110f94a1fc5eace1fd76ffdedc8343f3cfb";"ee53283bd9c185aa135a3d06efdde6ba62316346";"8";"08-cephadm-orchestrator";"P1";"runtime/source";"deep";"Chọn đọc sâu theo nhóm: implementation thuộc cephadm/orchestrator, upgrade và daemon lifecycle.";"";"mixed";"ADM-004,ADM-009";"NFS service changes implement fixed `.nfs` pool/config and runtime redeploy contract used by the automatic migration; other config cleanup is support.";"NFSService; config; prepare_create";"086712f6897840fced70b59f344106acae4c8e4c,1cbcee803889482424094306120fe3ea8d62e6e8,2173e555ffb7e6f65c73c6a216a165071ce6d201";"verified-endpoint+history"
"1646";"v16.2.5";"v16.2.15";"src/pybind/mgr/cephadm/services/osd.py";"";"M";"M";"178";"55";"FALSE";"100644";"100644";"3c30a413980210f4077ad35d47622fb2322b0f87";"93ebb7c7667f7ec555d4600ed88613af01ca751a";"8";"08-cephadm-orchestrator";"P1";"runtime/source";"deep";"Chọn đọc sâu theo nhóm: implementation thuộc cephadm/orchestrator, upgrade và daemon lifecycle.";"";"conditional";"ADM-006";"OSD service removal/reactivation/raw-discovery changes affect daemon replacement only when those lifecycle paths run.";"OSDService.post_remove; create_from_spec; prepare_drivegroup";"245f6a2cf10a9cce0e99508d181a6ac4f6c10b4f,f78a7a87334a01a223d91fc9c284ba00e8268a48,323f857620b0e644b7cdcc018b4ea41b2ba12691";"verified-endpoint+history"
"1647";"v16.2.5";"v16.2.15";"src/pybind/mgr/cephadm/templates/services/alertmanager/alertmanager.yml.j2";"";"M";"M";"22";"1";"FALSE";"100644";"100644";"03c1479721b82b64327c8b409ed6ed7827638a24";"4e394106f05a42a8fda2ebd65b3656625760bf22";"8";"08-cephadm-orchestrator";"P1";"runtime/source";"deep";"Chọn đọc sâu theo nhóm: implementation thuộc cephadm/orchestrator, upgrade và daemon lifecycle.";"";"conditional";"ADM-009";"Rendered service configuration changes apply on monitoring/ingress/iSCSI/NFS redeploy; validate only for deployed services.";"Jinja service templates";"";"verified-endpoint+history"
"1648";"v16.2.5";"v16.2.15";"src/pybind/mgr/cephadm/templates/services/grafana/ceph-dashboard.yml.j2";"";"M";"M";"3";"3";"FALSE";"100644";"100644";"8946cac0a09895c919636bd57179d0644c55cbca";"170e6f246f6df6f40b37c705c2c1541913b5ef11";"8";"08-cephadm-orchestrator";"P1";"runtime/source";"deep";"Chọn đọc sâu theo nhóm: implementation thuộc cephadm/orchestrator, upgrade và daemon lifecycle.";"";"conditional";"ADM-009";"Rendered service configuration changes apply on monitoring/ingress/iSCSI/NFS redeploy; validate only for deployed services.";"Jinja service templates";"";"verified-endpoint+history"
"1649";"v16.2.5";"v16.2.15";"src/pybind/mgr/cephadm/templates/services/grafana/grafana.ini.j2";"";"M";"M";"7";"1";"FALSE";"100644";"100644";"3d6303f4466c00acb406eed95386750879f4c0f8";"cf23802d71b78d014773c4112843612aebe33f0d";"8";"08-cephadm-orchestrator";"P1";"runtime/source";"deep";"Chọn đọc sâu theo nhóm: implementation thuộc cephadm/orchestrator, upgrade và daemon lifecycle.";"";"conditional";"ADM-009";"Rendered service configuration changes apply on monitoring/ingress/iSCSI/NFS redeploy; validate only for deployed services.";"Jinja service templates";"";"verified-endpoint+history"
"1650";"v16.2.5";"v16.2.15";"src/pybind/mgr/cephadm/templates/services/ingress/haproxy.cfg.j2";"";"M";"M";"7";"2";"FALSE";"100644";"100644";"137dc1157edf94e46a0ea16c8d4dd2e96e9cda3c";"6d64c63634587a5e4f23cad2ac7b7979e5462838";"8";"08-cephadm-orchestrator";"P1";"runtime/source";"deep";"Chọn đọc sâu theo nhóm: implementation thuộc cephadm/orchestrator, upgrade và daemon lifecycle.";"";"conditional";"ADM-009";"Rendered service configuration changes apply on monitoring/ingress/iSCSI/NFS redeploy; validate only for deployed services.";"Jinja service templates";"";"verified-endpoint+history"
"1651";"v16.2.5";"v16.2.15";"src/pybind/mgr/cephadm/templates/services/ingress/keepalived.conf.j2";"";"M";"M";"8";"6";"FALSE";"100644";"100644";"2c4e326f6db1fd5adee72fe227fc6170aafaafc6";"f560c9756654d0d51a025dc37d668ee7575023da";"8";"08-cephadm-orchestrator";"P1";"runtime/source";"deep";"Chọn đọc sâu theo nhóm: implementation thuộc cephadm/orchestrator, upgrade và daemon lifecycle.";"";"conditional";"ADM-009";"Rendered service configuration changes apply on monitoring/ingress/iSCSI/NFS redeploy; validate only for deployed services.";"Jinja service templates";"";"verified-endpoint+history"
"1652";"v16.2.5";"v16.2.15";"src/pybind/mgr/cephadm/templates/services/iscsi/iscsi-gateway.cfg.j2";"";"M";"M";"1";"1";"FALSE";"100644";"100644";"2bc13451d65d8a1f6abad4bbdc73de802cd13b3f";"c2582ace7af350d8c9bb67e8dd74fa25be45c61d";"8";"08-cephadm-orchestrator";"P1";"runtime/source";"deep";"Chọn đọc sâu theo nhóm: implementation thuộc cephadm/orchestrator, upgrade và daemon lifecycle.";"";"conditional";"ADM-009";"Rendered service configuration changes apply on monitoring/ingress/iSCSI/NFS redeploy; validate only for deployed services.";"Jinja service templates";"";"verified-endpoint+history"
"1653";"v16.2.5";"v16.2.15";"src/pybind/mgr/cephadm/templates/services/nfs/ganesha.conf.j2";"";"M";"M";"1";"9";"FALSE";"100644";"100644";"aae3b671eaf7c0e52735666ef03eb9910597b45e";"9d6e15f1c4f7111036384e269898f16501069732";"8";"08-cephadm-orchestrator";"P1";"runtime/source";"deep";"Chọn đọc sâu theo nhóm: implementation thuộc cephadm/orchestrator, upgrade và daemon lifecycle.";"";"conditional";"ADM-009";"Rendered service configuration changes apply on monitoring/ingress/iSCSI/NFS redeploy; validate only for deployed services.";"Jinja service templates";"";"verified-endpoint+history"
"1654";"v16.2.5";"v16.2.15";"src/pybind/mgr/cephadm/tests/fixtures.py";"";"M";"M";"34";"11";"FALSE";"100644";"100644";"11983737bcacf0fe2d48b15c781c51c4e7e7fb56";"3e73cb59b085c111acad8b8e542c86a86053769e";"8";"08-cephadm-orchestrator";"P2";"test/QA";"reference-only";"Không đọc độc lập";"";"support";"ADM-004,ADM-005,ADM-006,ADM-007,ADM-009";"cephadm mgr fixtures/tests support migration, host, registry, action and specialized-service paths.";"";"";"support-inspected"
"1655";"v16.2.5";"v16.2.15";"src/pybind/mgr/cephadm/tests/test_cephadm.py";"";"M";"M";"806";"138";"FALSE";"100644";"100644";"9848c0516c0f2005b38b86c45f39ed812a8ecfbc";"b050aa6d018ec46eab77b596e3ec14c379b12e92";"8";"08-cephadm-orchestrator";"P2";"test/QA";"reference-only";"Không đọc độc lập";"";"support";"ADM-004,ADM-005,ADM-006,ADM-007,ADM-009";"cephadm mgr fixtures/tests support migration, host, registry, action and specialized-service paths.";"";"";"support-inspected"
"1656";"v16.2.5";"v16.2.15";"src/pybind/mgr/cephadm/tests/test_facts.py";"";"A";"A";"31";"0";"FALSE";"0";"100644";"0";"7838ee5d422edc81eaf64a031c841b38a09f474c";"8";"08-cephadm-orchestrator";"P2";"test/QA";"reference-only";"Không đọc độc lập";"";"support";"ADM-005";"Facts tests support offline/reachability inventory behavior.";"";"";"support-inspected"
"1657";"v16.2.5";"v16.2.15";"src/pybind/mgr/cephadm/tests/test_migration.py";"";"M";"M";"110";"3";"FALSE";"100644";"100644";"168e44e749c2789b2c0819c8c3ad59312c97c48c";"081b2447f5a1096bd3a32533e7798891a9c8c61c";"8";"08-cephadm-orchestrator";"P2";"test/QA";"reference-only";"Không đọc độc lập";"";"support";"ADM-004";"Migration unit tests cover NFS, `_admin`, registry and sane migration-current behavior.";"test_migrate; test_migrate_nfs; migration_current tests";"";"support-inspected"
"1658";"v16.2.5";"v16.2.15";"src/pybind/mgr/cephadm/tests/test_osd_removal.py";"";"M";"M";"33";"2";"FALSE";"100644";"100644";"cffdcaf03fbcbed85095218b8deca730f9476505";"6685fcb2a6003d2ee105f0ed9f1b171ed89e3cbb";"8";"08-cephadm-orchestrator";"P2";"test/QA";"reference-only";"Không đọc độc lập";"";"support";"ADM-006";"OSD removal tests support lifecycle safety behavior.";"";"";"support-inspected"
"1659";"v16.2.5";"v16.2.15";"src/pybind/mgr/cephadm/tests/test_scheduling.py";"";"M";"M";"320";"41";"FALSE";"100644";"100644";"9b4faf6b179cfd910ca3c48e3a98ae4ab1b4e9c5";"14c51848a30ffccbf4d873b8b7993f872c81220d";"8";"08-cephadm-orchestrator";"P2";"test/QA";"reference-only";"Không đọc độc lập";"";"support";"ADM-005,ADM-006";"Scheduling tests cover unreachable/maintenance hosts, NFS rescheduling and deterministic placement.";"";"";"support-inspected"
"1660";"v16.2.5";"v16.2.15";"src/pybind/mgr/cephadm/tests/test_services.py";"";"M";"M";"1108";"2";"FALSE";"100644";"100644";"2c32dffd9738ab8a4e595c80b4fa7f9f62d32496";"a979556c046deae9b4a23093cde5e663b4dae3ad";"8";"08-cephadm-orchestrator";"P2";"test/QA";"reference-only";"Không đọc độc lập";"";"support";"ADM-006,ADM-009";"Service tests support deploy/remove/post-action and specialized service rendering.";"";"";"support-inspected"
"1661";"v16.2.5";"v16.2.15";"src/pybind/mgr/cephadm/tests/test_spec.py";"";"M";"M";"2";"93";"FALSE";"100644";"100644";"d46cbfe7f17ff3c454a26a1d093f03476ddc646a";"54aa0a7ab75eb31ae1d0cae90fd06b81b26ab07f";"8";"08-cephadm-orchestrator";"P2";"test/QA";"reference-only";"Không đọc độc lập";"";"support";"ADM-009";"Spec tests support service schema compatibility; no independent runtime effect.";"";"";"support-inspected"
"1662";"v16.2.5";"v16.2.15";"src/pybind/mgr/cephadm/tests/test_upgrade.py";"";"M";"M";"170";"12";"FALSE";"100644";"100644";"df1cd3b563e796d5a0476729491afca22400c52f";"88c441c96e951a96dac4eb6a481a5e04e2ca49fb";"8";"08-cephadm-orchestrator";"P2";"test/QA";"reference-only";"Không đọc độc lập";"";"support";"ADM-003";"Upgrade tests cover staggered filter validation and persisted state; no direct regression case for the MGR>=3 loop.";"test_staggered_upgrade_validation";"2ef7922a780e4647a84ba614be7886dd9942b755";"support-inspected"
"1663";"v16.2.5";"v16.2.15";"src/pybind/mgr/cephadm/upgrade.py";"";"M";"M";"633";"276";"FALSE";"100644";"100644";"130db996625874e657a7c2ed73e876056d1775c1";"ddca06cb21c1ed5cc79e4e71fad2ce30bb451d64";"8";"08-cephadm-orchestrator";"P1";"runtime/source";"deep";"Chọn đọc sâu theo nhóm: implementation thuộc cephadm/orchestrator, upgrade và daemon lifecycle.";"";"mixed";"ADM-001,ADM-002,ADM-003,ADM-007";"Core upgrade state machine implements MDS preparation/restoration, MGR deployed-by convergence, phased filters/limit and image/registry handling; also contains ancillary status/refactor hunks.";"UpgradeState; CephadmUpgrade._prepare_for_mds_upgrade; _complete_mds_upgrade; _detect_need_upgrade; _validate_upgrade_filters; _do_upgrade; _upgrade_daemons";"6697ebe2eaac4be3bf7fafa057ae98398aa115ea,dcb3455fdfba83a64be3b0a030ef468acfcf6fe6,b67f81b862fc65b9e0d239b73df6b82d898ce9e6,753fd2fb32196d17e186152e7deaef1e0558b781,07ccf07a2853d4f93e83f38da5c54fda2a534376,6b61f35b73fe17fb4cb36b22838bdc71bf22a6d6,3e122e0f1c031b366cde562af938103f5463de38";"verified-endpoint+history"
"1664";"v16.2.5";"v16.2.15";"src/pybind/mgr/cephadm/utils.py";"";"M";"M";"4";"0";"FALSE";"100644";"100644";"be7ef49ba9f25ea98d545650023cdf443748f38b";"25337c0ae2a56fca703b77e39e5d1239f39d589f";"8";"08-cephadm-orchestrator";"P1";"runtime/source";"deep";"Chọn đọc sâu theo nhóm: implementation thuộc cephadm/orchestrator, upgrade và daemon lifecycle.";"";"conditional";"ADM-005";"Utility constant selects daemon types eligible for reschedule from offline hosts; target set is NFS and HAProxy.";"RESCHEDULE_FROM_OFFLINE_HOSTS_TYPES";"84a650d3f581f5c94cf3eb6d39ad3bfbca719044,0f46165a0eb37a49b95c699ae9137798b8023b89";"verified-endpoint+history"
"2183";"v16.2.5";"v16.2.15";"src/pybind/mgr/orchestrator/__init__.py";"";"M";"M";"1";"1";"FALSE";"100644";"100644";"d9837e0c08192cb3989f0568d66ceb1f38fbb284";"c901284d3e712a8432aa925fbab4841d3bee3839";"8";"08-cephadm-orchestrator";"P1";"runtime/source";"deep";"Chọn đọc sâu theo nhóm: implementation thuộc cephadm/orchestrator, upgrade và daemon lifecycle.";"";"trivial";"";"Đã đọc hunk và lịch sử; thay đổi biên tập, fixture, refactor hoặc feature không tạo causal chain upgrade độc lập.";"";"";"screened-endpoint+history"
"2184";"v16.2.5";"v16.2.15";"src/pybind/mgr/orchestrator/_interface.py";"";"M";"M";"143";"44";"FALSE";"100644";"100644";"773db30be8f80e982de4848456cceabcab1e54d4";"db69459076820e5bd99c6cf32c721c6cd77bd2b4";"8";"08-cephadm-orchestrator";"P1";"runtime/source";"deep";"Chọn đọc sâu theo nhóm: implementation thuộc cephadm/orchestrator, upgrade và daemon lifecycle.";"";"mixed";"ADM-003,ADM-005,ADM-006";"Orchestrator interface adds phased-upgrade status/arguments and host/action contracts; unrelated display/schema hunks remain screened.";"UpgradeStatusSpec; Orchestrator; DaemonDescriptionStatus; remove_host";"";"verified-endpoint+history"
"2185";"v16.2.5";"v16.2.15";"src/pybind/mgr/orchestrator/module.py";"";"M";"M";"235";"127";"FALSE";"100644";"100644";"3e3c0b0946199a92b2a146e07165bf6611d43a06";"40f259643a42649b0275c518ddb225ed83d41233";"8";"08-cephadm-orchestrator";"P1";"runtime/source";"deep";"Chọn đọc sâu theo nhóm: implementation thuộc cephadm/orchestrator, upgrade và daemon lifecycle.";"";"mixed";"ADM-003,ADM-005,ADM-006,ADM-007,ADM-009";"CLI layer exposes staggered upgrade, offline host removal, force/zap and service actions; mixed with unrelated output changes.";"OrchestratorCli._upgrade_start; _remove_host; _service_action; _daemon_action";"";"verified-endpoint+history"
"2186";"v16.2.5";"v16.2.15";"src/pybind/mgr/orchestrator/tests/test_orchestrator.py";"";"M";"M";"41";"5";"FALSE";"100644";"100644";"35f4b64b8782df4ca866d630f258bdd0585eddf6";"7fe32e559be4a608741cde0bd3361e92b16a989c";"8";"08-cephadm-orchestrator";"P2";"test/QA";"reference-only";"Không đọc độc lập";"";"support";"ADM-003,ADM-005,ADM-006";"Orchestrator tests support CLI/status/action changes.";"";"";"support-inspected"
"2205";"v16.2.5";"v16.2.15";"src/pybind/mgr/rook/module.py";"";"M";"M";"41";"30";"FALSE";"100644";"100644";"cd9f578a180475f9bf47c6b88047bb5c7e624b9b";"70512567ab4c3fda067a7705946d65fca54552d3";"8";"08-cephadm-orchestrator";"P1";"runtime/source";"deep";"Chọn đọc sâu theo nhóm: implementation thuộc cephadm/orchestrator, upgrade và daemon lifecycle.";"";"trivial";"";"Đã đọc hunk và lịch sử; thay đổi biên tập, fixture, refactor hoặc feature không tạo causal chain upgrade độc lập.";"";"";"screened-endpoint+history"
"2206";"v16.2.5";"v16.2.15";"src/pybind/mgr/rook/rook_cluster.py";"";"M";"M";"73";"55";"FALSE";"100644";"100644";"acf178c5522401e2a1e13d140f617bba99c342a1";"323ac68888f4c9b6d324e6bfd70d4c2e7a5b8be2";"8";"08-cephadm-orchestrator";"P1";"runtime/source";"deep";"Chọn đọc sâu theo nhóm: implementation thuộc cephadm/orchestrator, upgrade và daemon lifecycle.";"";"trivial";"";"Đã đọc hunk và lịch sử; thay đổi biên tập, fixture, refactor hoặc feature không tạo causal chain upgrade độc lập.";"";"";"screened-endpoint+history"
"2216";"v16.2.5";"v16.2.15";"src/pybind/mgr/test_orchestrator/dummy_data.json";"";"M";"M";"14";"12";"FALSE";"100644";"100644";"2c2e6540edfeab7c2ab75ce27c0568803ff5396e";"20ed950378dd03682e51a525a906dcb26978c265";"8";"08-cephadm-orchestrator";"P1";"runtime/source";"deep";"Chọn đọc sâu theo nhóm: implementation thuộc cephadm/orchestrator, upgrade và daemon lifecycle.";"";"trivial";"";"Đã đọc hunk và lịch sử; thay đổi biên tập, fixture, refactor hoặc feature không tạo causal chain upgrade độc lập.";"";"";"screened-endpoint+history"
"2217";"v16.2.5";"v16.2.15";"src/pybind/mgr/test_orchestrator/module.py";"";"M";"M";"2";"2";"FALSE";"100644";"100644";"f5729e12242f6df4c849fd4ed547f7eb6b72f7d5";"d89c23bf1593c679890c77bc7fac13338be72a29";"8";"08-cephadm-orchestrator";"P1";"runtime/source";"deep";"Chọn đọc sâu theo nhóm: implementation thuộc cephadm/orchestrator, upgrade và daemon lifecycle.";"";"support";"ADM-005,ADM-006";"Test orchestrator shim tracks interface signature changes; no independent runtime effect.";"";"";"support-inspected"
"2241";"v16.2.5";"v16.2.15";"src/python-common/ceph/deployment/drive_group.py";"";"M";"M";"92";"71";"FALSE";"100644";"100644";"93d7aaef1779fab982622eacb3a7b18a03d1f0eb";"6857a1dd420ff170ac62a60d726656a38d9dc3b6";"8";"08-cephadm-orchestrator";"P1";"runtime/source";"deep";"Chọn đọc sâu theo nhóm: implementation thuộc cephadm/orchestrator, upgrade và daemon lifecycle.";"";"conditional";"ADM-006";"OSD service-spec selection/parsing changes can alter reconciliation after target MGR activation when matching/limit paths are used.";"DriveGroupSpec; SizeMatcher; DriveSelection";"";"verified-endpoint+history"
"2242";"v16.2.5";"v16.2.15";"src/python-common/ceph/deployment/drive_selection/matchers.py";"";"M";"M";"11";"7";"FALSE";"100644";"100644";"18775c424f1a4f2abeeb1fd43b55955ec569669c";"f423c2f43eea86dd4025a4232fa065276d41cdd5";"8";"08-cephadm-orchestrator";"P1";"runtime/source";"deep";"Chọn đọc sâu theo nhóm: implementation thuộc cephadm/orchestrator, upgrade và daemon lifecycle.";"";"conditional";"ADM-006";"OSD service-spec selection/parsing changes can alter reconciliation after target MGR activation when matching/limit paths are used.";"DriveGroupSpec; SizeMatcher; DriveSelection";"";"verified-endpoint+history"
"2243";"v16.2.5";"v16.2.15";"src/python-common/ceph/deployment/drive_selection/selector.py";"";"M";"M";"50";"10";"FALSE";"100644";"100644";"a54df3268a823cbd0076a0390028427d2d0acdee";"1b3bfbb4ee3c5772bb61a9d6cd502b83b49d1e28";"8";"08-cephadm-orchestrator";"P1";"runtime/source";"deep";"Chọn đọc sâu theo nhóm: implementation thuộc cephadm/orchestrator, upgrade và daemon lifecycle.";"";"conditional";"ADM-006";"OSD service-spec selection/parsing changes can alter reconciliation after target MGR activation when matching/limit paths are used.";"DriveGroupSpec; SizeMatcher; DriveSelection";"";"verified-endpoint+history"
"2244";"v16.2.5";"v16.2.15";"src/python-common/ceph/deployment/hostspec.py";"";"M";"M";"17";"4";"FALSE";"100644";"100644";"2476e155fdf12e87e986d7b715b07992f6d6a224";"1bf686f97cf6b9e516db9568609f552f1fed3da6";"8";"08-cephadm-orchestrator";"P1";"runtime/source";"deep";"Chọn đọc sâu theo nhóm: implementation thuộc cephadm/orchestrator, upgrade và daemon lifecycle.";"";"conditional";"ADM-005";"HostSpec validation/FQDN handling applies when hosts are added or updated during rollout.";"HostSpec.validate";"";"verified-endpoint+history"
"2245";"v16.2.5";"v16.2.15";"src/python-common/ceph/deployment/inventory.py";"";"M";"M";"48";"6";"FALSE";"100644";"100644";"cfa20189400ef4e50a20f95746ffd92ad85559f4";"b7e1cbc23576503c027cd70d0373840b86baba28";"8";"08-cephadm-orchestrator";"P1";"runtime/source";"deep";"Chọn đọc sâu theo nhóm: implementation thuộc cephadm/orchestrator, upgrade và daemon lifecycle.";"";"trivial";"";"Đã đọc hunk và lịch sử; thay đổi biên tập, fixture, refactor hoặc feature không tạo causal chain upgrade độc lập.";"";"";"screened-endpoint+history"
"2246";"v16.2.5";"v16.2.15";"src/python-common/ceph/deployment/service_spec.py";"";"M";"M";"553";"141";"FALSE";"100644";"100644";"2a4c098c344bf776978b55c4870730874bf5db89";"1c676e63963fa0cfbed36c43c2e01f078f84aceb";"8";"08-cephadm-orchestrator";"P1";"runtime/source";"deep";"Chọn đọc sâu theo nhóm: implementation thuộc cephadm/orchestrator, upgrade và daemon lifecycle.";"";"mixed";"ADM-004,ADM-009";"Service-spec schema removes legacy NFS pool/namespace and adds gateway/extra-arg/custom-config fields; NFS part is migration-relevant.";"NFSServiceSpec; ServiceSpec.from_json; extra_container_args; custom_configs";"77d092fea3ca949f4d178ecb575a02016aab6bd8,2173e555ffb7e6f65c73c6a216a165071ce6d201,531b4c33fc3a3bb8ad88c21ee453f09e73b88d38";"verified-endpoint+history"
"2247";"v16.2.5";"v16.2.15";"src/python-common/ceph/deployment/translate.py";"";"M";"M";"53";"19";"FALSE";"100644";"100644";"e5d59816626477877c132bbfce7ffb4a605bf4b2";"2d373732c04f1fb44881901aa0e8aaae842c025e";"8";"08-cephadm-orchestrator";"P1";"runtime/source";"deep";"Chọn đọc sâu theo nhóm: implementation thuộc cephadm/orchestrator, upgrade và daemon lifecycle.";"";"conditional";"ADM-006";"Drive-group translation changes raw/LVM prepare arguments; applies only when OSD specs reconcile/create devices.";"to_ceph_volume; run";"";"verified-endpoint+history"
"2248";"v16.2.5";"v16.2.15";"src/python-common/ceph/deployment/utils.py";"";"M";"M";"70";"0";"FALSE";"100644";"100644";"075aa8fe72591d12a099eb673f755cd1687c57c6";"6aad15b75b6baffe777b8a2ca65d905326197280";"8";"08-cephadm-orchestrator";"P1";"runtime/source";"deep";"Chọn đọc sâu theo nhóm: implementation thuộc cephadm/orchestrator, upgrade và daemon lifecycle.";"";"trivial";"";"Đã đọc hunk và lịch sử; thay đổi biên tập, fixture, refactor hoặc feature không tạo causal chain upgrade độc lập.";"";"";"screened-endpoint+history"
"2250";"v16.2.5";"v16.2.15";"src/python-common/ceph/tests/test_disk_selector.py";"";"M";"M";"20";"21";"FALSE";"100644";"100644";"ab72c431edd36b187533a6084957a484cc2167f0";"b08236130e0666e89ef1da201daafa29218ff8fd";"8";"08-cephadm-orchestrator";"P2";"test/QA";"reference-only";"Không đọc độc lập";"";"support";"ADM-006,ADM-009";"Python-common tests support OSD selection and service-spec compatibility changes.";"";"";"support-inspected"
"2251";"v16.2.5";"v16.2.15";"src/python-common/ceph/tests/test_drive_group.py";"";"M";"M";"131";"39";"FALSE";"100644";"100644";"76d343edada1b54c1796bcede2d407d5d299faad";"3549f7d657c9943fb86aaa6c0bd08e7dfcb72961";"8";"08-cephadm-orchestrator";"P2";"test/QA";"reference-only";"Không đọc độc lập";"";"support";"ADM-006,ADM-009";"Python-common tests support OSD selection and service-spec compatibility changes.";"";"";"support-inspected"
"2252";"v16.2.5";"v16.2.15";"src/python-common/ceph/tests/test_inventory.py";"";"M";"M";"51";"1";"FALSE";"100644";"100644";"69c1c306cf8015a6ad595a35a9495ae27d814aef";"2d916fad2f8c263df7cc51b3c54f840c7dfe5724";"8";"08-cephadm-orchestrator";"P2";"test/QA";"reference-only";"Không đọc độc lập";"";"support";"ADM-006,ADM-009";"Python-common tests support OSD selection and service-spec compatibility changes.";"";"";"support-inspected"
"2253";"v16.2.5";"v16.2.15";"src/python-common/ceph/tests/test_service_spec.py";"";"M";"M";"542";"11";"FALSE";"100644";"100644";"a7591e6c04a4b0c668ab8c1a1765003c4f8d3bb6";"28dc1680f0f0c8d4069955568f7178e22d122d7f";"8";"08-cephadm-orchestrator";"P2";"test/QA";"reference-only";"Không đọc độc lập";"";"support";"ADM-006,ADM-009";"Python-common tests support OSD selection and service-spec compatibility changes.";"";"";"support-inspected"
"2254";"v16.2.5";"v16.2.15";"src/python-common/ceph/tests/test_utils.py";"";"M";"M";"39";"1";"FALSE";"100644";"100644";"fff67e1702b10f1ca6aa16085f65dc96b62501b8";"8a94ac400b513316a6e0a906e6002581083726af";"8";"08-cephadm-orchestrator";"P2";"test/QA";"reference-only";"Không đọc độc lập";"";"support";"ADM-006,ADM-009";"Python-common tests support OSD selection and service-spec compatibility changes.";"";"";"support-inspected"
