index;base_tag;target_tag;path;old_path;status;status_detail;additions;deletions;binary;old_mode;new_mode;old_blob;new_blob;group;owner_report;priority;file_type;review_mode;analysis_decision;diff_note;upgrade_disposition;finding_id;disposition_reason;symbols;commit_shas;evidence_status
37;v16.2.5;v16.2.15;doc/ceph-volume/index.rst;;M;M;3;0;FALSE;100644;100644;a9c18abb7228c7f9bc9029626e378601f74bbab0;9271bc2a0e96796704eb74f7446be2f2c49b0077;9;09-ceph-volume-activation;P2;documentation;reference-only;Không phân tích code sâu;;support;CVOL-005;Mục lục tài liệu xác nhận các workflow migrate, new-db và new-wal mới, không tự thay đổi runtime.;;;support-inspected
38;v16.2.5;v16.2.15;doc/ceph-volume/lvm/activate.rst;;M;M;8;0;FALSE;100644;100644;5e43d4cb5f566ea711bda78bfeec951922a851c9;9faf1f74ebd724ed79c2c08828f97d4251e0919a;9;09-ceph-volume-activation;P2;documentation;reference-only;Không phân tích code sâu;;support;CVOL-002;Tài liệu activation hỗ trợ contract restart của CVOL-002, không có tác động runtime độc lập.;;;support-inspected
39;v16.2.5;v16.2.15;doc/ceph-volume/lvm/encryption.rst;;M;M;34;36;FALSE;100644;100644;1483ef32e6c88a42c805450b9266c3624ee4eeb8;66f4ee182b16055c7d08413bad19cb70215d5f97;9;09-ceph-volume-activation;P2;documentation;reference-only;Không phân tích code sâu;;support;CVOL-006;Tài liệu dm-crypt và LUKS hỗ trợ CVOL-006, không có tác động runtime độc lập.;;;support-inspected
40;v16.2.5;v16.2.15;doc/ceph-volume/lvm/index.rst;;M;M;6;0;FALSE;100644;100644;9a2191fb519359107b3464589cf0bbd4146d6b93;962e51a51c685788081fca83cb46bae510da46c7;9;09-ceph-volume-activation;P2;documentation;reference-only;Không phân tích code sâu;;support;CVOL-005;Mục lục LVM liên kết các lệnh BlueFS mới, không tự kích hoạt migration.;;;support-inspected
41;v16.2.5;v16.2.15;doc/ceph-volume/lvm/migrate.rst;;A;A;47;0;FALSE;0;100644;0;983d2e79716b4dfe0e30598b5ab2d31e48eeaf71;9;09-ceph-volume-activation;P2;documentation;reference-only;Không phân tích code sâu;;support;CVOL-005;Tài liệu mô tả lệnh migrate opt-in và ma trận nguồn đích.;;;support-inspected
42;v16.2.5;v16.2.15;doc/ceph-volume/lvm/newdb.rst;;A;A;11;0;FALSE;0;100644;0;dcc87fc8a740faadc4b12d96a10dfe84675c6048;9;09-ceph-volume-activation;P2;documentation;reference-only;Không phân tích code sâu;;support;CVOL-005;Tài liệu mô tả lệnh new-db opt-in.;;;support-inspected
43;v16.2.5;v16.2.15;doc/ceph-volume/lvm/newwal.rst;;A;A;11;0;FALSE;0;100644;0;05f87fff667b63963cd3d8521cd7c6f21e93509e;9;09-ceph-volume-activation;P2;documentation;reference-only;Không phân tích code sâu;;support;CVOL-005;Tài liệu mô tả lệnh new-wal opt-in.;;;support-inspected
44;v16.2.5;v16.2.15;doc/ceph-volume/lvm/prepare.rst;;M;M;120;93;FALSE;100644;100644;fd40b7e1e1a897de191d96647564c7750a589bff;ae6aac414cdda6567874d82fe3faabb2e8ff14d8;9;09-ceph-volume-activation;P2;documentation;reference-only;Không phân tích code sâu;;support;CVOL-004,CVOL-006;Tài liệu prepare hỗ trợ provisioning và encryption, behavior được xác minh ở code.;;;support-inspected
1102;v16.2.5;v16.2.15;src/ceph-volume/CMakeLists.txt;;M;M;1;1;FALSE;100644;100644;4224499c4749840311b2e5a1a8c0decc015788c1;9166553dc7354a1896e7046f0b472581457541e0;9;09-ceph-volume-activation;P1;build/package;deep;Đọc sâu khi ảnh hưởng build, package, quyền hoặc service: ceph-volume, inventory, LVM, activation và DB/WAL.;;trivial;;Đổi biến CMake cho virtualenv vstart, không đổi ceph-volume runtime trong package.;;;screened-endpoint+history
1103;v16.2.5;v16.2.15;src/ceph-volume/ceph_volume/activate/__init__.py;;A;A;1;0;FALSE;0;100644;0;542bf32bdfaf2495154486b91fe1164c5692f8ff;9;09-ceph-volume-activation;P1;runtime/source;deep;Chọn đọc sâu theo nhóm: implementation thuộc ceph-volume, inventory, LVM, activation và DB/WAL.;;conditional;CVOL-002;Đăng ký generic activation entry point, chỉ ảnh hưởng workflow gọi lệnh mới.;ceph_volume.activate.Activate;ec946328149fe2c7f9347116ce73732ab60f3e89;endpoint+history+tests-inspected
1104;v16.2.5;v16.2.15;src/ceph-volume/ceph_volume/activate/main.py;;A;A;85;0;FALSE;0;100644;0;bcd4685155d3bef65c82af76640c891747728198;9;09-ceph-volume-activation;P1;runtime/source;deep;Chọn đọc sâu theo nhóm: implementation thuộc ceph-volume, inventory, LVM, activation và DB/WAL.;;conditional;CVOL-002;Dispatcher thử raw, LVM rồi simple theo OSD ID và FSID khi generic activate được gọi.;Activate.main;ec946328149fe2c7f9347116ce73732ab60f3e89,afc1db288d25a45cb16c8e977c1809fd0bb0b62c,6beba5055c4a4befd94afd446eacec54e8448beb;endpoint+history+tests-inspected
1105;v16.2.5;v16.2.15;src/ceph-volume/ceph_volume/api/lvm.py;;M;M;109;33;FALSE;100644;100644;30362f1bd2759737fc18562985540eb131715ce9;14d4baed28f05d7fd4ec3f64fb210e544cfc539d;9;09-ceph-volume-activation;P1;runtime/source;deep;Chọn đọc sâu theo nhóm: implementation thuộc ceph-volume, inventory, LVM, activation và DB/WAL.;;mixed;CVOL-001,CVOL-003,CVOL-005;LVM API vừa chuyển lệnh sang host namespace, vừa cấp helper inventory và migration, kèm refactor không độc lập.;get_all_devices_vgs,get_lvs_from_path,Volume.set_tags;9f3cc0c42086675c77b5262c6db2546f422b933b,5fc104acb007c8eaa4be350031da61be2c695bda,9851ed039fced73d248d6ad80e382d431b4889a1,bd9b1c8eb5d0f1708d7fae50e85d6bf0b52f38c7;endpoint+history+tests-inspected
1106;v16.2.5;v16.2.15;src/ceph-volume/ceph_volume/configuration.py;;M;M;3;2;FALSE;100644;100644;2fee47ffab910ad4c4310bbc6581c5c769a0bd9f;e0f7ef1f0c6551e89385643cf77ec51e3d1f02b2;9;09-ceph-volume-activation;P1;runtime/source;deep;Chọn đọc sâu theo nhóm: implementation thuộc ceph-volume, inventory, LVM, activation và DB/WAL.;;support;CVOL-006;Cho phép đọc key-size encryption khi ceph.conf chưa có global fsid, là helper cho CVOL-006.;Conf.get_safe;60b7b87e400223f4a8f35796e8ba2fdabc76405a;support-inspected
1107;v16.2.5;v16.2.15;src/ceph-volume/ceph_volume/decorators.py;;M;M;1;1;FALSE;100644;100644;95acce064fe184172440971074e0fe7e97a378b1;3c003ad77c417a737f449f172d36fc82f09947ff;9;09-ceph-volume-activation;P1;runtime/source;deep;Chọn đọc sâu theo nhóm: implementation thuộc ceph-volume, inventory, LVM, activation và DB/WAL.;;trivial;;Biến môi trường bỏ needs_root chỉ được dùng trong unit test của tree này.;;;screened-endpoint+history
1108;v16.2.5;v16.2.15;src/ceph-volume/ceph_volume/devices/lvm/activate.py;;M;M;26;12;FALSE;100644;100644;e4ac074a4f4147e935528b94df250f68cdf823fe;4ad117ec0cff5af075f110c9ce16079d17df15d1;9;09-ceph-volume-activation;P1;runtime/source;deep;Chọn đọc sâu theo nhóm: implementation thuộc ceph-volume, inventory, LVM, activation và DB/WAL.;;conditional;CVOL-002;LVM activation nạp cluster config từ LV tag, suy luận objectstore và hỗ trợ no-tmpfs khi path này được dùng.;activate_bluestore,Activate.activate,Activate.activate_all;b656b6be76b151f49e6158ac604a0db80c15353c,6082da8e414ba0d243a62e231045bd82533b7408,326df6de7192568d9fd38c9425fdaf7e1a30c27b,236e5a7ac90d540eecaf0b034a6e8509d58096a4,227d52e2feceb39c42edbe71fd9bb54f9948ac90;endpoint+history+tests-inspected
1109;v16.2.5;v16.2.15;src/ceph-volume/ceph_volume/devices/lvm/batch.py;;M;M;75;35;FALSE;100644;100644;114730adec38652205fc72454aab3fef1cbbdfc6;d867fe2d87e3bb33c30bbce277433095449d80f1;9;09-ceph-volume-activation;P1;runtime/source;deep;Chọn đọc sâu theo nhóm: implementation thuộc ceph-volume, inventory, LVM, activation và DB/WAL.;;conditional;CVOL-004;Batch sửa sizing fast-device và multi-PV VG, chỉ tác động khi tạo hoặc thay OSD.;Batch.fast_allocations,get_physical_fast_allocs,get_lvm_fast_allocs;5fe2144d052f533015a1449502df43de31a172b4,4252cc44211f0ccebf388374744eaa26b32854d3,92f66fbb0b03fd2de93230c21e63044943185ecc,86159550086b0c880e197acbfc736025bf832bac,b0cd6f2540c6f8dad8711a4e68b09268934d0e12,83558efa5455acb967535315f2ab877aec4c9492;endpoint+history+tests-inspected
1110;v16.2.5;v16.2.15;src/ceph-volume/ceph_volume/devices/lvm/common.py;;M;M;9;3;FALSE;100644;100644;06369e479d4c72a8731ef63c74f7d406bbec8dd8;1134b17540b79797018eabd507f2e54c88339e26;9;09-ceph-volume-activation;P1;runtime/source;deep;Chọn đọc sâu theo nhóm: implementation thuộc ceph-volume, inventory, LVM, activation và DB/WAL.;;conditional;CVOL-004;Prepare và rollback thêm guard cho thiết bị có partition và cleanup OSD, chỉ chạy trong provisioning hoặc rollback.;prepare_parser,rollback_osd;19028a65fe27fa63834a806566596965eaeea0ef,3b216b6e0ad2b80ae2544cedda1eba5cd9bbbe39;endpoint+history+tests-inspected
1111;v16.2.5;v16.2.15;src/ceph-volume/ceph_volume/devices/lvm/deactivate.py;;M;M;1;3;FALSE;100644;100644;5de6dbe36b5a15e3a90bac0d4a99d097496eccf1;0cc8d71ae64d1cc259d583665724b2bf65b61893;9;09-ceph-volume-activation;P1;runtime/source;deep;Chọn đọc sâu theo nhóm: implementation thuộc ceph-volume, inventory, LVM, activation và DB/WAL.;;mixed;CVOL-006;Deactivate đóng mapper bằng UUID đúng cách, đồng thời có cleanup help không ảnh hưởng runtime.;deactivate_osd;604756cbf04701c38caaaf0cb19a84a2018313a4,0f250a56a7b04838811e83ebda62f357f2ce634d;endpoint+history+tests-inspected
1112;v16.2.5;v16.2.15;src/ceph-volume/ceph_volume/devices/lvm/listing.py;;M;M;19;19;FALSE;100644;100644;1ae8489f6fcb69d5008d6ca7e47173bfe81ead15;c16afdaa767286a198c6278defc150a8cc35fe71;9;09-ceph-volume-activation;P1;runtime/source;deep;Chọn đọc sâu theo nhóm: implementation thuộc ceph-volume, inventory, LVM, activation và DB/WAL.;;mixed;CVOL-003;LVM listing giảm pvs calls và hỗ trợ lookup theo OSD ID, kèm refactor output tags.;List.full_report,List.create_report;e4d4278f1744ac8886edb32a1f91256e359c3188,5fc104acb007c8eaa4be350031da61be2c695bda,ac279adca57c729e9d65492c93665699a1eac5a5,833544b140b08e2ec906a529e57bacf1ae92d3cb,e85ce5497f0d960908d703104f9a9a0077142559;endpoint+history+tests-inspected
1113;v16.2.5;v16.2.15;src/ceph-volume/ceph_volume/devices/lvm/main.py;;M;M;4;0;FALSE;100644;100644;3ef3c1117d2797d925c282b74de7926bf4c88505;39947454d57f57b28e8e4225363d8213c010b32f;9;09-ceph-volume-activation;P1;runtime/source;deep;Chọn đọc sâu theo nhóm: implementation thuộc ceph-volume, inventory, LVM, activation và DB/WAL.;;conditional;CVOL-005;Đăng ký migrate, new-db và new-wal trong LVM command mapper, không tự chạy các lệnh này.;LVM.mapper;9851ed039fced73d248d6ad80e382d431b4889a1;endpoint+history+tests-inspected
1114;v16.2.5;v16.2.15;src/ceph-volume/ceph_volume/devices/lvm/migrate.py;;A;A;719;0;FALSE;0;100644;0;64589a2d62840232cbe0d1a8ff9fbcafd1a783a6;9;09-ceph-volume-activation;P1;runtime/source;deep;Chọn đọc sâu theo nhóm: implementation thuộc ceph-volume, inventory, LVM, activation và DB/WAL.;;mixed;CVOL-005,CVOL-006;Wrapper BlueFS migration quản lý LVM tags và target encrypted, chỉ chạy theo lệnh operator.;Migrate,NewVolume,VolumeTagTracker;9851ed039fced73d248d6ad80e382d431b4889a1,3363ae2a47fa54b9963034e6590123c9abdb6ffa,a77585905a082294350320652c3d3fe98a018bf2,80c211ffa5a7c621a3cbdfadb3733bf1a32c0f5c;endpoint+history+tests-inspected
1115;v16.2.5;v16.2.15;src/ceph-volume/ceph_volume/devices/lvm/prepare.py;;M;M;10;22;FALSE;100644;100644;f0c3959a6272485bdf0cf5e598aff94e6c09141c;06e9a0ffad5191d65ce5bd6f79369885fbb60117;9;09-ceph-volume-activation;P1;runtime/source;deep;Chọn đọc sâu theo nhóm: implementation thuộc ceph-volume, inventory, LVM, activation và DB/WAL.;;mixed;CVOL-004,CVOL-006;Prepare dùng helper dmcrypt chung và chứa provisioning refactor, chỉ ảnh hưởng OSD mới hoặc thay thế.;prepare_dmcrypt,Prepare.prepare,Prepare.setup_device;80c211ffa5a7c621a3cbdfadb3733bf1a32c0f5c,b51eeefb981cff3b1b66a770dd8457d2bd3cd41d;endpoint+history+tests-inspected
1116;v16.2.5;v16.2.15;src/ceph-volume/ceph_volume/devices/lvm/zap.py;;M;M;30;24;FALSE;100644;100644;21b54b6c0c419978bc5a9cfd6f8b3fbb41bb6087;08ca4315e605105ae83cb37d4a632b786a87368b;9;09-ceph-volume-activation;P1;runtime/source;deep;Chọn đọc sâu theo nhóm: implementation thuộc ceph-volume, inventory, LVM, activation và DB/WAL.;;mixed;CVOL-003,CVOL-004,CVOL-006;Zap thay đổi multipath, partition holder và encrypted mapper cleanup, chỉ kích hoạt ở thao tác destructive rõ ràng.;Zap.zap,Zap.zap_partitions,Zap.dmcrypt_close;b8e21e5ca2e391f0802b30ad07858739961f4928,b35b0d6ce394485a29b7bc7bd7b3aa3d73e001f9,8bd35b3da7adab4dafca5015eb1f08052efcd793,19854089e18d4f65dda2b6cd74e737367c2514bd;endpoint+history+tests-inspected
1117;v16.2.5;v16.2.15;src/ceph-volume/ceph_volume/devices/raw/activate.py;;M;M;55;26;FALSE;100644;100644;94f54f1a20b31070c8bfab64485740ebaba69e2b;17be57dfeaa8ee75f7cef51bd2c6907536ad35a3;9;09-ceph-volume-activation;P1;runtime/source;deep;Chọn đọc sâu theo nhóm: implementation thuộc ceph-volume, inventory, LVM, activation và DB/WAL.;;conditional;CVOL-002;Raw activation tái dựng block, DB và WAL symlink từ label khi OSD raw được restart.;activate_bluestore,Activate.activate;d4dfb3705c16fe430f6744cf3e509c7f9d9765c5,8242ec16e5dd0bdabbb4bb6f39dbc0fa1e515713,15c8c1fe39a2fab9161dfff50b3ecc75accdd283;endpoint+history+tests-inspected
1118;v16.2.5;v16.2.15;src/ceph-volume/ceph_volume/devices/raw/common.py;;M;M;12;3;FALSE;100644;100644;08cfd02890cb0c7b588fb5f9d3a4d55f897d8415;89ee285be5b423e6a1d3b3d1a32efbdbf6a735b1;9;09-ceph-volume-activation;P1;runtime/source;deep;Chọn đọc sâu theo nhóm: implementation thuộc ceph-volume, inventory, LVM, activation và DB/WAL.;;mixed;CVOL-002,CVOL-004;Raw parser dùng validator chuyên biệt và cho phép tái dùng OSD ID, ảnh hưởng prepare hoặc activation arguments.;create_parser;cda090c52271f072752e7502a2b52498bd56e78a,b4a92e89bb4d6cacacefaf3809625334ffea1e5f;endpoint+history+tests-inspected
1119;v16.2.5;v16.2.15;src/ceph-volume/ceph_volume/devices/raw/list.py;;M;M;84;54;FALSE;100644;100644;777930e9834149b4af970c431d05a5dd50bff2e8;0f801701b8065ca7aa03fae47fe73716af0e6a16;9;09-ceph-volume-activation;P1;runtime/source;deep;Chọn đọc sâu theo nhóm: implementation thuộc ceph-volume, inventory, LVM, activation và DB/WAL.;;mixed;CVOL-002,CVOL-003;Raw label discovery thêm DB/WAL và topology guards, còn regression performance trung gian đã được sửa trước endpoint.;List.generate,_get_bluestore_info;8242ec16e5dd0bdabbb4bb6f39dbc0fa1e515713,5fc104acb007c8eaa4be350031da61be2c695bda,d322bb891dbaf420dd1d1d32d4ce3e8582bd715b,191cda8ef4f89445cb297f86bb28548ff79a714b,8a44e0669d4e380e4d2114c2dc3e33fdbaed5fee;endpoint+history+tests-inspected
1120;v16.2.5;v16.2.15;src/ceph-volume/ceph_volume/devices/raw/prepare.py;;M;M;4;13;FALSE;100644;100644;3c96eedacf34a6d6f30d7ce09eceeb595016092f;aabe82473da8f608be7eeb7f6d247c24edd177fc;9;09-ceph-volume-activation;P1;runtime/source;deep;Chọn đọc sâu theo nhóm: implementation thuộc ceph-volume, inventory, LVM, activation và DB/WAL.;;mixed;CVOL-004,CVOL-006;Raw prepare dùng dmcrypt helper chung và hỗ trợ OSD ID explicit, chỉ tác động provisioning.;prepare_dmcrypt,Prepare.prepare;45a98e7fef358e6cd1cc1a6f7e8169034df69b87,b4a92e89bb4d6cacacefaf3809625334ffea1e5f;endpoint+history+tests-inspected
1121;v16.2.5;v16.2.15;src/ceph-volume/ceph_volume/devices/simple/scan.py;;M;M;5;5;FALSE;100644;100644;34da0962b0fc8639cc6bc095c8e29f169ffe1e35;ff7040beb06956007b6a853f96cf2c21fff580b9;9;09-ceph-volume-activation;P1;runtime/source;deep;Chọn đọc sâu theo nhóm: implementation thuộc ceph-volume, inventory, LVM, activation và DB/WAL.;;conditional;CVOL-002;Legacy simple scan được sửa nhưng chỉ áp dụng khi deployment còn dùng simple fallback.;Scan.scan;bc0198288d009fc82a0f7ba66fc1c9f6ca300d0d,aece84aa04dcf7f64b6ce83d82f9e361913844d6;endpoint+history+tests-inspected
1122;v16.2.5;v16.2.15;src/ceph-volume/ceph_volume/drive_group/main.py;;M;M;1;1;FALSE;100644;100644;9e93bc759e70b1fc4bb6236d818d2b6a4ef29577;9626089c86058a5033021ea4367a0bff61406a8d;9;09-ceph-volume-activation;P1;runtime/source;deep;Chọn đọc sâu theo nhóm: implementation thuộc ceph-volume, inventory, LVM, activation và DB/WAL.;;conditional;CVOL-004;Drive-group sửa cách lấy batch command, chỉ ảnh hưởng provisioning qua ceph-volume drive-group.;Deploy.main;6f1f873a28240d113aa25ccddbea947507d6af39;endpoint+history+tests-inspected
1123;v16.2.5;v16.2.15;src/ceph-volume/ceph_volume/main.py;;M;M;4;3;FALSE;100644;100644;a66b7bb7df96164f9803d43ccf29de840eed4dec;7868665cecbf59e32856be3f38462615947f36d1;9;09-ceph-volume-activation;P1;runtime/source;deep;Chọn đọc sâu theo nhóm: implementation thuộc ceph-volume, inventory, LVM, activation và DB/WAL.;;mixed;CVOL-002;Top-level CLI đăng ký generic activate và hạ missing-config thành warning, kèm thay đổi thông báo.;Volume.mapper,Volume.main;ec946328149fe2c7f9347116ce73732ab60f3e89,6ab5714b5e1156dbf81ec52efceb25026daba518;endpoint+history+tests-inspected
1124;v16.2.5;v16.2.15;src/ceph-volume/ceph_volume/process.py;;M;M;10;14;FALSE;100644;100644;e70986892b7fd578dc80b9c928b9e380f7b596ba;10ee0318e23bfb920abb08a679d2f5ae6ec6cbca;9;09-ceph-volume-activation;P1;runtime/source;deep;Chọn đọc sâu theo nhóm: implementation thuộc ceph-volume, inventory, LVM, activation và DB/WAL.;;conditional;CVOL-001;Process wrapper có thể chạy LVM binaries trong host namespaces từ container.;run,call;9f3cc0c42086675c77b5262c6db2546f422b933b,0236a913dabb725b9b294b49c46655ac631ae5a6,939d55ffe9ef6019062434b42b80929dc3bf336c;endpoint+history+tests-inspected
1125;v16.2.5;v16.2.15;src/ceph-volume/ceph_volume/tests/api/test_lvm.py;;M;M;127;112;FALSE;100644;100644;f01ceb4f337a5a4590a744e27097150535df4194;0bfc34075c31c41b8569f5be57d357e4b906f044;9;09-ceph-volume-activation;P2;test/QA;reference-only;Không đọc độc lập;;support;CVOL-001,CVOL-003,CVOL-005;Unit tests cho LVM API hỗ trợ host wrapper, discovery và migration helpers.;;;support-inspected
1126;v16.2.5;v16.2.15;src/ceph-volume/ceph_volume/tests/conftest.py;;M;M;54;24;FALSE;100644;100644;2abedac3240dbc20942b7dfa39cc898fa2d1879e;75628f8478e1a305703511770f3f4fc2ef0ed3f6;9;09-ceph-volume-activation;P2;test/QA;reference-only;Không đọc độc lập;;support;CVOL-003,CVOL-004;Fixture changes hỗ trợ inventory và allocation tests, không có runtime effect độc lập.;;;support-inspected
1127;v16.2.5;v16.2.15;src/ceph-volume/ceph_volume/tests/devices/lvm/test_activate.py;;M;M;35;7;FALSE;100644;100644;33e0ed32b619a51a00839b57f9c175c6a2a305d0;2237f259eb200ab73bd6723823931cd7820024c8;9;09-ceph-volume-activation;P2;test/QA;reference-only;Không đọc độc lập;;support;CVOL-002;Unit tests xác nhận LVM activation flags và objectstore inference.;;;support-inspected
1128;v16.2.5;v16.2.15;src/ceph-volume/ceph_volume/tests/devices/lvm/test_batch.py;;M;M;84;7;FALSE;100644;100644;7c968ae81d5e5b7f9d5db00b42a855a487b20c9b;d27134d5341886138a22dc582eebba566781dc96;9;09-ceph-volume-activation;P2;test/QA;reference-only;Không đọc độc lập;;support;CVOL-004;Unit tests xác nhận batch sizing, partition guard và fast-device allocation.;;;support-inspected
1129;v16.2.5;v16.2.15;src/ceph-volume/ceph_volume/tests/devices/lvm/test_create.py;;M;M;7;3;FALSE;100644;100644;994038f3b88631920e93fb772cd3c504130f5778;1665d76c3884a139ffbae06b3f5ebbab8889c4d6;9;09-ceph-volume-activation;P2;test/QA;reference-only;Không đọc độc lập;;support;CVOL-004;Unit tests cho create và rollback support provisioning finding.;;;support-inspected
1130;v16.2.5;v16.2.15;src/ceph-volume/ceph_volume/tests/devices/lvm/test_deactivate.py;;M;M;1;1;FALSE;100644;100644;4b8304ce6a9996ebc564086209fd03c4aee83384;044fd35196fdf716f0e7ac530716b3a0f48dd5ad;9;09-ceph-volume-activation;P2;test/QA;reference-only;Không đọc độc lập;;support;CVOL-006;Unit tests xác nhận encrypted mapper close khi deactivate.;;;support-inspected
1131;v16.2.5;v16.2.15;src/ceph-volume/ceph_volume/tests/devices/lvm/test_listing.py;;M;M;91;4;FALSE;100644;100644;cf4b68c7143783cf990b9a01b3434f4019e01a1e;7e4d963c8b450f1a813a03bcd80544b747e1230d;9;09-ceph-volume-activation;P2;test/QA;reference-only;Không đọc độc lập;;support;CVOL-003;Unit tests xác nhận LVM listing và OSD-ID filtering.;;;support-inspected
1132;v16.2.5;v16.2.15;src/ceph-volume/ceph_volume/tests/devices/lvm/test_migrate.py;;A;A;2749;0;FALSE;0;100644;0;7e516f3d23bd9b14e8eb51aa7f97ff836a330c2a;9;09-ceph-volume-activation;P2;test/QA;reference-only;Không đọc độc lập;;support;CVOL-005,CVOL-006;Bộ unit test lớn xác nhận migration matrix, tag rollback và encrypted targets.;;;support-inspected
1133;v16.2.5;v16.2.15;src/ceph-volume/ceph_volume/tests/devices/lvm/test_prepare.py;;M;M;27;12;FALSE;100644;100644;70915a0fe03af9a57b0bd2a7fbd80c7601df7d42;9f0a5e0bbc2239816cc9f5d43182dd3843468d8a;9;09-ceph-volume-activation;P2;test/QA;reference-only;Không đọc độc lập;;support;CVOL-004,CVOL-006;Unit tests cho prepare support provisioning và dmcrypt behavior.;;;support-inspected
1134;v16.2.5;v16.2.15;src/ceph-volume/ceph_volume/tests/devices/lvm/test_zap.py;;M;M;11;6;FALSE;100644;100644;1fa22e5b681552b43d1981492aa324374891107e;64016111c26317098bdadf5864835e26aaa6e392;9;09-ceph-volume-activation;P2;test/QA;reference-only;Không đọc độc lập;;support;CVOL-003,CVOL-004,CVOL-006;Unit tests cho zap support multipath, partition và encrypted cleanup.;;;support-inspected
1135;v16.2.5;v16.2.15;src/ceph-volume/ceph_volume/tests/devices/raw/test_list.py;;A;A;238;0;FALSE;0;100644;0;5ad501bab94a43f2dbd3520b8528579426f1c890;9;09-ceph-volume-activation;P2;test/QA;reference-only;Không đọc độc lập;;support;CVOL-002,CVOL-003;Unit tests raw listing xác nhận main, DB, WAL và topology discovery.;;;support-inspected
1136;v16.2.5;v16.2.15;src/ceph-volume/ceph_volume/tests/devices/raw/test_prepare.py;;M;M;2;2;FALSE;100644;100644;e4cf8ce110913f0f5f54a5e0d069a0956adafd7d;f814bbf136b7bc920771874987aac1dca6bbacb4;9;09-ceph-volume-activation;P2;test/QA;reference-only;Không đọc độc lập;;support;CVOL-004,CVOL-006;Unit tests raw prepare support OSD ID và dmcrypt helper.;;;support-inspected
1137;v16.2.5;v16.2.15;src/ceph-volume/ceph_volume/tests/devices/simple/test_activate.py;;M;M;24;24;FALSE;100644;100644;ac2dd0e7b3c312a10c8a154679b135effda33041;5c7bd3117920ac4e19c6e37b2a799d13449f620e;9;09-ceph-volume-activation;P2;test/QA;reference-only;Không đọc độc lập;;support;CVOL-002;Unit tests cho legacy simple activation fallback.;;;support-inspected
1138;v16.2.5;v16.2.15;src/ceph-volume/ceph_volume/tests/devices/simple/test_scan.py;;M;M;15;12;FALSE;100644;100644;118493625f37a7f69377474d12060cff05a55a4b;b5d12065578534159763c51ad3bf5a2658efe843;9;09-ceph-volume-activation;P2;test/QA;reference-only;Không đọc độc lập;;support;CVOL-002;Unit tests cho legacy simple scan fixes.;;;support-inspected
1139;v16.2.5;v16.2.15;src/ceph-volume/ceph_volume/tests/devices/test_zap.py;;M;M;12;2;FALSE;100644;100644;42c4940f157bd496f2d65bf9822bcc3981f0c956;745b58ae55a2e49ddb7b0a08f3d4b1a955c79166;9;09-ceph-volume-activation;P2;test/QA;reference-only;Không đọc độc lập;;support;CVOL-004;Unit tests cho generic zap validation.;;;support-inspected
1140;v16.2.5;v16.2.15;src/ceph-volume/ceph_volume/tests/functional/Vagrantfile;;M;M;1;1;FALSE;100644;100644;8f8b31b7ecfcceb1fc15bff1d58e02c134bdba61;f5425165a8d66038256ec7f7635eb0263a3b954f;9;09-ceph-volume-activation;P2;test/QA;reference-only;Không đọc độc lập;;trivial;;Đổi base box cho functional Vagrant test, không đổi shipped runtime.;;;screened-endpoint+history
1141;v16.2.5;v16.2.15;src/ceph-volume/ceph_volume/tests/functional/batch/playbooks/setup_mixed_type.yml;;M;M;5;5;FALSE;100644;100644;8b155d97d8c3ff822396f041ad29b40d883e0218;1fa9f66fc8636c00127bc560fa030d293396fc00;9;09-ceph-volume-activation;P2;test/QA;reference-only;Không đọc độc lập;;support;CVOL-004;Functional fixture cho mixed-device batch allocation.;;;support-inspected
1142;v16.2.5;v16.2.15;src/ceph-volume/ceph_volume/tests/functional/batch/tox.ini;;M;M;6;8;FALSE;100644;100644;f7969fe9bde07dbe444e7cfaf198bb59bdd9cfb1;45dd7e7335f9a24ed8e8ec84d5a033eb1f84d8eb;9;09-ceph-volume-activation;P2;test/QA;reference-only;Không đọc độc lập;;trivial;;Tox environment của functional batch đổi test plumbing, không đổi runtime.;;;screened-endpoint+history
1143;v16.2.5;v16.2.15;src/ceph-volume/ceph_volume/tests/functional/group_vars/bluestore_lvm_dmcrypt;;M;M;2;0;FALSE;100644;100644;d73637763bc5b6e105c3a0020ad2b5c2962d33f4;3cd68aaf1db3e1ee9abadb6b67dd5be97bf471f7;9;09-ceph-volume-activation;P2;test/QA;reference-only;Không đọc độc lập;;support;CVOL-006;Functional dmcrypt variables support encrypted lifecycle validation.;;;support-inspected
1144;v16.2.5;v16.2.15;src/ceph-volume/ceph_volume/tests/functional/lvm/centos8/bluestore/dmcrypt/test.yml;;M;M;19;0;FALSE;100644;100644;a05eef6eddd0b3e0576e380bd61fdefdd9624140;0a47b5eb851e5f57a7ef3a2bff53ff6dde7f246e;9;09-ceph-volume-activation;P2;test/QA;reference-only;Không đọc độc lập;;support;CVOL-006;Functional playbook bổ sung encrypted BlueStore checks.;;;support-inspected
1145;v16.2.5;v16.2.15;src/ceph-volume/ceph_volume/tests/functional/lvm/centos8/filestore/dmcrypt/test.yml;;M;M;13;1;FALSE;100644;100644;f0408736ebfa8e5cc643eeae14c4c0889c420c5d;21eff00fa84659a2a83194db76198a3138ca9713;9;09-ceph-volume-activation;P2;test/QA;reference-only;Không đọc độc lập;;support;CVOL-006;Functional playbook điều chỉnh encrypted FileStore checks.;;;support-inspected
1146;v16.2.5;v16.2.15;src/ceph-volume/ceph_volume/tests/functional/lvm/playbooks/test_bluestore.yml;;M;M;13;0;FALSE;100644;100644;2cf83e477fbd6d0533a61252e4e193b27f2c2419;97d77a7f4601aedf9a05d56bb5f252ad10289e93;9;09-ceph-volume-activation;P2;test/QA;reference-only;Không đọc độc lập;;support;CVOL-004,CVOL-006;Functional BlueStore playbook support provisioning và encryption scenarios.;;;support-inspected
1147;v16.2.5;v16.2.15;src/ceph-volume/ceph_volume/tests/functional/lvm/playbooks/test_filestore.yml;;M;M;25;3;FALSE;100644;100644;42ee40a1baa65f49e95f9e47df8f2cb4f0ddb84c;a9b6aa2677849d8b7c0872ae58dbf24730386137;9;09-ceph-volume-activation;P2;test/QA;reference-only;Không đọc độc lập;;support;CVOL-004,CVOL-006;Functional FileStore playbook support provisioning và encryption scenarios.;;;support-inspected
1148;v16.2.5;v16.2.15;src/ceph-volume/ceph_volume/tests/functional/lvm/tox.ini;;M;M;6;8;FALSE;100644;100644;2b63875bf438d0969dd3c90015a065db617dbcb2;0a01a79e62206c4c8bd426999d1d8fe2280c70fe;9;09-ceph-volume-activation;P2;test/QA;reference-only;Không đọc độc lập;;trivial;;Tox environment của functional LVM đổi test plumbing, không đổi runtime.;;;screened-endpoint+history
1149;v16.2.5;v16.2.15;src/ceph-volume/ceph_volume/tests/functional/playbooks/deploy.yml;;M;M;15;4;FALSE;100644;100644;0c1d13f8f1a2f8116d00e2a16043b80a9e354454;0ac200c6bc0d50475c82fa9d5e791b26f2de62b4;9;09-ceph-volume-activation;P2;test/QA;reference-only;Không đọc độc lập;;support;CVOL-004,CVOL-006;Functional deploy fixture support provisioning and encrypted scenarios.;;;support-inspected
1150;v16.2.5;v16.2.15;src/ceph-volume/ceph_volume/tests/functional/simple/tox.ini;;M;M;5;7;FALSE;100644;100644;c3b7d3648a1d8eb2f65104cfdcce8a42cd442305;2d8f8980535d7b4a5173b6ac019b4561205f995e;9;09-ceph-volume-activation;P2;test/QA;reference-only;Không đọc độc lập;;trivial;;Tox environment của simple suite đổi test plumbing, không đổi runtime.;;;screened-endpoint+history
1151;v16.2.5;v16.2.15;src/ceph-volume/ceph_volume/tests/functional/vagrant_variables.yml;;M;M;1;1;FALSE;100644;100644;0a804ef4e782344d9f47e2a6887d283f68a1e0eb;e87700ac163be18157482beecd715699e0ae1cea;9;09-ceph-volume-activation;P2;test/QA;reference-only;Không đọc độc lập;;trivial;;Vagrant test variable update không đổi ceph-volume runtime.;;;screened-endpoint+history
1152;v16.2.5;v16.2.15;src/ceph-volume/ceph_volume/tests/test_decorators.py;;M;M;7;0;FALSE;100644;100644;8df891456e607afc2960b60128449b3eb067bcec;5bdf6b3d27bf98261d26d402471de975fe2a0286;9;09-ceph-volume-activation;P2;test/QA;reference-only;Không đọc độc lập;;trivial;;Test riêng cho root-check escape hatch, không chứng minh production behavior.;;;screened-endpoint+history
1153;v16.2.5;v16.2.15;src/ceph-volume/ceph_volume/tests/test_inventory.py;;M;M;19;10;FALSE;100644;100644;038626245211422bbd2446806f8fa7992261f8e0;6ad2aef0d2ba39be591135817eeeb9cb44a81ef0;9;09-ceph-volume-activation;P2;test/QA;reference-only;Không đọc độc lập;;support;CVOL-003;Inventory unit tests support report schema và device discovery changes.;;;support-inspected
1154;v16.2.5;v16.2.15;src/ceph-volume/ceph_volume/tests/test_main.py;;M;M;5;5;FALSE;100644;100644;afe9a23446d94507a31fcf151cafcedbd320d35e;d03d405d5538d099627a0a1bf558d7f636d92571;9;09-ceph-volume-activation;P2;test/QA;reference-only;Không đọc độc lập;;support;CVOL-002;CLI unit tests support generic activate registration and dispatch.;;;support-inspected
1155;v16.2.5;v16.2.15;src/ceph-volume/ceph_volume/tests/util/test_arg_validators.py;;M;M;286;8;FALSE;100644;100644;d4565ef4dcb5c3f6e2edfaff331c5ada65348ceb;35bf295b9a51f74418840bfc0c4fd07d875cf76c;9;09-ceph-volume-activation;P2;test/QA;reference-only;Không đọc độc lập;;support;CVOL-003,CVOL-004;Validator unit tests support device eligibility và partition safety.;;;support-inspected
1156;v16.2.5;v16.2.15;src/ceph-volume/ceph_volume/tests/util/test_device.py;;M;M;290;151;FALSE;100644;100644;0df5ac61e9ea319f79f27bc3e6cf8ce69d0691cb;4e32529342ac20d55b95674758cf31e2d52a7ef6;9;09-ceph-volume-activation;P2;test/QA;reference-only;Không đọc độc lập;;support;CVOL-003,CVOL-004;Device unit tests support inventory topology, LVM membership and provisioning guards.;;;support-inspected
1157;v16.2.5;v16.2.15;src/ceph-volume/ceph_volume/tests/util/test_disk.py;;M;M;78;87;FALSE;100644;100644;5f4d57343e4c2516e2ff9d540bfa59285fa441d0;94325b475ef0dc3a8f596b685b24b45773f792da;9;09-ceph-volume-activation;P2;test/QA;reference-only;Không đọc độc lập;;support;CVOL-002,CVOL-003,CVOL-004;Disk unit-test diff supports lsblk, raw discovery and partition handling, chưa được chạy.;;;support-inspected
1158;v16.2.5;v16.2.15;src/ceph-volume/ceph_volume/tests/util/test_encryption.py;;M;M;100;15;FALSE;100644;100644;e1420b440d391d63ffa88b21a6ddb3df159b13d6;cd2ea8f187fc236435a73554d05da365c15209c4;9;09-ceph-volume-activation;P2;test/QA;reference-only;Không đọc độc lập;;support;CVOL-006;Encryption unit tests support key-size, secret handling and mapper lifecycle.;;;support-inspected
1159;v16.2.5;v16.2.15;src/ceph-volume/ceph_volume/tests/util/test_prepare.py;;M;M;1;10;FALSE;100644;100644;ced5d49e76c9cb155baf83409c17bf556db56c68;080823307d383ab04eb52b876813e57923e0aa80;9;09-ceph-volume-activation;P2;test/QA;reference-only;Không đọc độc lập;;support;CVOL-004,CVOL-006;Prepare utility tests support OSD-ID reuse and secret redaction.;;;support-inspected
1160;v16.2.5;v16.2.15;src/ceph-volume/ceph_volume/tests/util/test_system.py;;M;M;60;30;FALSE;100644;100644;7499994900cae9c4bc97c2bc83e296429b0b5b4d;5746f7023ce5f904b2480c6b01b7bf4b20beb92b;9;09-ceph-volume-activation;P2;test/QA;reference-only;Không đọc độc lập;;support;CVOL-001,CVOL-003;System utility tests support host executable resolution and mount discovery.;;;support-inspected
1161;v16.2.5;v16.2.15;src/ceph-volume/ceph_volume/util/arg_validators.py;;M;M;102;18;FALSE;100644;100644;94cb4f691dbee180a0f095b95c989a32f8f1945f;655f7cd55ed0f9d882e72a255a267da0524930ee;9;09-ceph-volume-activation;P1;runtime/source;deep;Chọn đọc sâu theo nhóm: implementation thuộc ceph-volume, inventory, LVM, activation và DB/WAL.;;mixed;CVOL-003,CVOL-004;Validators thêm raw-device, partition and allocation checks, kèm refactor validation.;ValidDevice,ValidRawDevice;19028a65fe27fa63834a806566596965eaeea0ef,cda090c52271f072752e7502a2b52498bd56e78a,f8d641c508fd4faa19eee8eb12eafc810610e001;endpoint+history+tests-inspected
1162;v16.2.5;v16.2.15;src/ceph-volume/ceph_volume/util/device.py;;M;M;204;63;FALSE;100644;100644;deed06436d8ed1b85ba753563d99917807bdb24e;c5250d4355f0c68c8a68e00aba442d15948b305a;9;09-ceph-volume-activation;P1;runtime/source;deep;Chọn đọc sâu theo nhóm: implementation thuộc ceph-volume, inventory, LVM, activation và DB/WAL.;;mixed;CVOL-003,CVOL-004;Device model thay đổi LVM membership, multipath, slaves and eligibility semantics.;Devices,Device._parse,Device._set_lvm_membership;5fc104acb007c8eaa4be350031da61be2c695bda,b8e21e5ca2e391f0802b30ad07858739961f4928,a57d88a373933b9453ba784c42c557efe37f41e5,f41b55722eb0853349de2ff8f813c9744c13e296,a6a115dee87f9d8fede9f6bccde4b3fce30d1779;endpoint+history+tests-inspected
1163;v16.2.5;v16.2.15;src/ceph-volume/ceph_volume/util/disk.py;;M;M;209;87;FALSE;100644;100644;fa79080e445f50b21450420ea92687fe69d2ab59;8f03f8a0c62d3a7f96f7e70f080f10ab612836ec;9;09-ceph-volume-activation;P1;runtime/source;deep;Chọn đọc sâu theo nhóm: implementation thuộc ceph-volume, inventory, LVM, activation và DB/WAL.;;mixed;CVOL-002,CVOL-003,CVOL-004;Disk discovery rewrites lsblk/sysfs, multipath and partition handling, with fixes accumulated through target.;lsblk_all,get_block_devs_sysfs,get_devices,get_partitions;5fc104acb007c8eaa4be350031da61be2c695bda,3e16643d5d74a0efc82af9e320fc7b4b39adc463,658472614032d8a8f5e8ea5ddb8759e762c69bb2,259a3d554f53c549b135570f2054c3b5c517f993,85670b4c6b75a506b4e9f11cfb0ba8ae1d2cbdb1,ec2ab61d2e47f3ebc86a512475c5fe8aeb013930;endpoint+history+tests-inspected
1164;v16.2.5;v16.2.15;src/ceph-volume/ceph_volume/util/encryption.py;;M;M;56;20;FALSE;100644;100644;72a0ccf121e9722f77df4897e30a135ceb9754c9;0831d859700580f1f21149553810ca23e22f5849;9;09-ceph-volume-activation;P1;runtime/source;deep;Chọn đọc sâu theo nhóm: implementation thuộc ceph-volume, inventory, LVM, activation và DB/WAL.;;conditional;CVOL-006;Encryption runtime honors 256 or 512-bit volume-key config, redacts secret output and supports mapper lifecycle.;get_key_size_from_conf,get_dmcrypt_key,prepare_dmcrypt,dmcrypt_close;f69339e00f582ec64b843ff58b66817975fca0d7,e3d626cd53d917a0e977e3c60509bb995f21e737,80c211ffa5a7c621a3cbdfadb3733bf1a32c0f5c,604756cbf04701c38caaaf0cb19a84a2018313a4;endpoint+history+tests-inspected
1165;v16.2.5;v16.2.15;src/ceph-volume/ceph_volume/util/prepare.py;;M;M;8;4;FALSE;100644;100644;85b7033c212a883af51bd71e8e1f06111d9f15ee;323ba1e9355433a69341386b8c022c5b8c6bdbd0;9;09-ceph-volume-activation;P1;runtime/source;deep;Chọn đọc sâu theo nhóm: implementation thuộc ceph-volume, inventory, LVM, activation và DB/WAL.;;mixed;CVOL-004,CVOL-006;Prepare utilities sửa OSD-ID reuse và ngừng log keyring secret, kèm helper refactor.;create_id,write_keyring;54a7d67c7919b07f807c9037d4a1967cfe15b277,1f4d6510350db86fd77b9b205f876c01b9a0759a;endpoint+history+tests-inspected
1166;v16.2.5;v16.2.15;src/ceph-volume/ceph_volume/util/system.py;;M;M;147;74;FALSE;100644;100644;4998623373fdfc8b49f341fabceaf74566b99f50;590a0599b56b58aef5ac42b65f1f1b5481ba120f;9;09-ceph-volume-activation;P1;runtime/source;deep;Chọn đọc sâu theo nhóm: implementation thuộc ceph-volume, inventory, LVM, activation và DB/WAL.;;mixed;CVOL-001,CVOL-003;System helpers thêm host executable lookup và bounded mount realpath, kèm refactor utility.;which,find_executable_on_host,Mounts;9f3cc0c42086675c77b5262c6db2546f422b933b,50de2080e1b3003dc468781c17fb7511624054c9,94df47160a4292b2a554b7db9e27180cbf11b944;endpoint+history+tests-inspected
1167;v16.2.5;v16.2.15;src/ceph-volume/shell_tox.ini;;M;M;1;1;FALSE;100644;100644;e5c390271344bc591bc59fed54dc26e81f35f8fa;2950c8a09db2288f0156c985fb930c37285ce6db;9;09-ceph-volume-activation;P1;config/schema;deep;Đọc sâu option/default/schema và điều kiện có hiệu lực: ceph-volume, inventory, LVM, activation và DB/WAL.;;trivial;;Tox allowlist rename không đổi shipped runtime.;;;screened-endpoint+history
1168;v16.2.5;v16.2.15;src/ceph-volume/tox.ini;;M;M;5;1;FALSE;100644;100644;6ccf3e775caadb0708c2c341475b64fdf3e650bd;81a04c10d6ecbb8002b6b14f2eebd17848c3ec1e;9;09-ceph-volume-activation;P1;config/schema;deep;Đọc sâu option/default/schema và điều kiện có hiệu lực: ceph-volume, inventory, LVM, activation và DB/WAL.;;trivial;;Tox dependency and parallel-test update không đổi shipped runtime.;;;screened-endpoint+history
1169;v16.2.5;v16.2.15;src/ceph-volume/tox_install_command.sh;;M;M;1;1;FALSE;100755;100755;79343a4c2412f421e232abab6b52d6ed2f359080;c13c95533a2f38952af8db2de5fc8cc6808283fb;9;09-ceph-volume-activation;P1;tool/script;conditional;Đọc theo điều kiện sử dụng;;trivial;;Install-script shebang fix chỉ tác động test packaging helper.;;;screened-endpoint+history
