index;base_tag;target_tag;path;old_path;status;status_detail;additions;deletions;binary;old_mode;new_mode;old_blob;new_blob;group;owner_report;priority;file_type;review_mode;analysis_decision;diff_note;upgrade_impact;finding_id;impact_reason
93;v16.2.15;v17.2.7;doc/cephadm/adoption.rst;;M;M;2;2;FALSE;100644;100644;78d1343eb35d03feae8f0d598ecd74c5bc801340;2b38d42d279f40daabd84432a57dcf9bb450efa2;08;08-cephadm-orchestrator;P2;documentation;support;"Triage owner 08: cephadm or orchestrator workflow; inspect endpoint hunk before binary impact verdict.";;;;
94;v16.2.15;v17.2.7;doc/cephadm/host-management.rst;;M;M;131;7;FALSE;100644;100644;d75f581d85594c7b5cc788b30c7f11ce87335677;779c809027624dd4e1066f963a860ff9525fb61c;08;08-cephadm-orchestrator;P2;documentation;support;"Triage owner 08: cephadm or orchestrator workflow; inspect endpoint hunk before binary impact verdict.";;;;
95;v16.2.15;v17.2.7;doc/cephadm/install.rst;;M;M;15;7;FALSE;100644;100644;42262af900301c815add8560c101e9afbfbd2519;266f24a7da6fbd46d9f7106526ff2b8f2214bb70;08;08-cephadm-orchestrator;P2;documentation;support;"Triage owner 08: cephadm or orchestrator workflow; inspect endpoint hunk before binary impact verdict.";;;;
96;v16.2.15;v17.2.7;doc/cephadm/operations.rst;;M;M;101;25;FALSE;100644;100644;09b6219c10d45829a66c4d0230f8b8a03ba7e8ef;adc795d21e4e617805c2fd7675f4b8788f89aa37;08;08-cephadm-orchestrator;P2;documentation;support;"Triage owner 08: cephadm or orchestrator workflow; inspect endpoint hunk before binary impact verdict.";;;;
97;v16.2.15;v17.2.7;doc/cephadm/services/index.rst;;M;M;32;10;FALSE;100644;100644;44a09c9877dae9d026f716d22bdf490fe456aca3;32ad90b20b008000905ede8735ffc26f7e743606;08;08-cephadm-orchestrator;P2;documentation;support;"Triage owner 08: cephadm or orchestrator workflow; inspect endpoint hunk before binary impact verdict.";;;;
98;v16.2.15;v17.2.7;doc/cephadm/services/iscsi.rst;;M;M;8;1;FALSE;100644;100644;e039e8d9a34672043a4c9639429aaac1d2396cf9;bb2de79215053f210485a10eccec34c53ebf4d6b;08;08-cephadm-orchestrator;P2;documentation;support;"Triage owner 08: cephadm or orchestrator workflow; inspect endpoint hunk before binary impact verdict.";;;;
99;v16.2.15;v17.2.7;doc/cephadm/services/mds.rst;;M;M;13;1;FALSE;100644;100644;949a0fa5d8e7a87340c5b22ecbc017993c6eeb8d;96b7c2dda78a4476bed832fcc73664c89e65e5f9;08;08-cephadm-orchestrator;P2;documentation;support;"Triage owner 08: cephadm or orchestrator workflow; inspect endpoint hunk before binary impact verdict.";;;;
100;v16.2.15;v17.2.7;doc/cephadm/services/mgr.rst;;M;M;2;2;FALSE;100644;100644;133a00d77217b2e299a5d714a1c0412be2b47459;9baff3a7a2a455677b378fe274ccd1bc428df9b5;08;08-cephadm-orchestrator;P2;documentation;support;"Triage owner 08: cephadm or orchestrator workflow; inspect endpoint hunk before binary impact verdict.";;;;
101;v16.2.15;v17.2.7;doc/cephadm/services/mon.rst;;M;M;60;2;FALSE;100644;100644;6326b73f46d39bfbd01fbc4e22fb5f7b98e4635e;389dc450e951d05bb6986e8f02e295c0c0cff61c;08;08-cephadm-orchestrator;P2;documentation;support;"Triage owner 08: cephadm or orchestrator workflow; inspect endpoint hunk before binary impact verdict.";;;;
102;v16.2.15;v17.2.7;doc/cephadm/services/monitoring.rst;;M;M;79;6;FALSE;100644;100644;f29a93e8298a4091cb661b77444378c161029001;3cbc8b594f0933529f911b0f7f660863a575f5df;08;08-cephadm-orchestrator;P2;documentation;support;"Triage owner 08: cephadm or orchestrator workflow; inspect endpoint hunk before binary impact verdict.";;;;
103;v16.2.15;v17.2.7;doc/cephadm/services/nfs.rst;;M;M;48;0;FALSE;100644;100644;c48d0f7658f71e4ab8ba2e6d7efd34b35da40ae2;0e263275d13bc2dddca26ad59392b251e8a007b7;08;08-cephadm-orchestrator;P2;documentation;support;"Triage owner 08: cephadm or orchestrator workflow; inspect endpoint hunk before binary impact verdict.";;;;
104;v16.2.15;v17.2.7;doc/cephadm/services/osd.rst;;M;M;55;4;FALSE;100644;100644;f60956384a1534f1fd33437e029a76a9efe8cf60;7378b15ceafe48229f6429d688aa4037e970d724;08;08-cephadm-orchestrator;P2;documentation;support;"Triage owner 08: cephadm or orchestrator workflow; inspect endpoint hunk before binary impact verdict.";;;;
105;v16.2.15;v17.2.7;doc/cephadm/services/rgw.rst;;M;M;33;14;FALSE;100644;100644;0c452c9aacf106e7dc932b22f30dc39958b4ba0e;e65c41a80ca92af19c4659adbc97e81595949159;08;08-cephadm-orchestrator;P2;documentation;support;"Triage owner 08: cephadm or orchestrator workflow; inspect endpoint hunk before binary impact verdict.";;;;
106;v16.2.15;v17.2.7;doc/cephadm/troubleshooting.rst;;M;M;1;1;FALSE;100644;100644;d6c0d646c234844405510e45909dadc692b0db3a;5ec692881661a76721fcd259ef63296d704f6f10;08;08-cephadm-orchestrator;P2;documentation;support;"Triage owner 08: cephadm or orchestrator workflow; inspect endpoint hunk before binary impact verdict.";;;;
138;v16.2.15;v17.2.7;doc/dev/cephadm/cephadm-exporter.rst;;D;D;0;306;FALSE;100644;000000;bc41fcaeb1074123685646be4520bdc1624f0f73;0000000000000000000000000000000000000000;08;08-cephadm-orchestrator;P2;documentation;support;"Triage owner 08: cephadm or orchestrator workflow; inspect endpoint hunk before binary impact verdict.";;;;
139;v16.2.15;v17.2.7;doc/dev/cephadm/design/mockups/OSD_Creation_device_mode.svg;;A;A;1;0;FALSE;000000;100644;0000000000000000000000000000000000000000;6c0f6933a170a3e2231acebea027d40b2560d5eb;08;08-cephadm-orchestrator;P2;documentation;support;"Triage owner 08: cephadm or orchestrator workflow; inspect endpoint hunk before binary impact verdict.";;;;
140;v16.2.15;v17.2.7;doc/dev/cephadm/design/mockups/OSD_Creation_host_mode.svg;;A;A;1;0;FALSE;000000;100644;0000000000000000000000000000000000000000;b15b3e9421cfb702614a4ed14ed1391d8e67e57f;08;08-cephadm-orchestrator;P2;documentation;support;"Triage owner 08: cephadm or orchestrator workflow; inspect endpoint hunk before binary impact verdict.";;;;
141;v16.2.15;v17.2.7;doc/dev/cephadm/design/storage_devices_and_osds.rst;;A;A;317;0;FALSE;000000;100644;0000000000000000000000000000000000000000;bfe6daabbb3c658e06c5682d914b03917c13cc3d;08;08-cephadm-orchestrator;P2;documentation;support;"Triage owner 08: cephadm or orchestrator workflow; inspect endpoint hunk before binary impact verdict.";;;;
142;v16.2.15;v17.2.7;doc/dev/cephadm/developing-cephadm.rst;;M;M;169;56;FALSE;100644;100644;d14d4f8d70dea57dd9d5a4e7034f5c163a9886c1;fdef8da1d7096404545395aa1962a9de3c64ec59;08;08-cephadm-orchestrator;P2;documentation;support;"Triage owner 08: cephadm or orchestrator workflow; inspect endpoint hunk before binary impact verdict.";;;;
143;v16.2.15;v17.2.7;doc/dev/cephadm/host-maintenance.rst;;M;M;1;1;FALSE;100644;100644;2b84ec7bddb001da06f79e9dc4e49417eeaf2ef1;006fb2bd7ed5aedb367364e778e4db9c884f0645;08;08-cephadm-orchestrator;P2;documentation;support;"Triage owner 08: cephadm or orchestrator workflow; inspect endpoint hunk before binary impact verdict.";;;;
144;v16.2.15;v17.2.7;doc/dev/cephadm/index.rst;;M;M;1;1;FALSE;100644;100644;a09baffdbdb61d55d29a986f11a8a95b12095ec5;f89e7ed262c62873ad12163f0ffb4a8cab918429;08;08-cephadm-orchestrator;P2;documentation;support;"Triage owner 08: cephadm or orchestrator workflow; inspect endpoint hunk before binary impact verdict.";;;;
145;v16.2.15;v17.2.7;doc/dev/cephadm/scalability-notes.rst;;M;M;1;1;FALSE;100644;100644;157153cb3f18dc3cf71325ac0682b287535b1a93;9faaee04169cb166278312c121e958de58ff084b;08;08-cephadm-orchestrator;P2;documentation;support;"Triage owner 08: cephadm or orchestrator workflow; inspect endpoint hunk before binary impact verdict.";;;;
701;v16.2.15;v17.2.7;qa/suites/orch/cephadm/dashboard/0-distro/ignorelist_health.yaml;;D;D;0;1;FALSE;120000;000000;5cb891a95c3c84f2fcf67c2b0e5e678593400537;0000000000000000000000000000000000000000;08;08-cephadm-orchestrator;P2;test/QA;support;"Triage owner 08: cephadm or orchestrator workflow; inspect endpoint hunk before binary impact verdict.";;;;
702;v16.2.15;v17.2.7;qa/suites/orch/cephadm/dashboard/task/test_e2e.yaml;;D;D;0;48;FALSE;100644;000000;ca7268ac689238f443679fbb63c456e091b3a841;0000000000000000000000000000000000000000;08;08-cephadm-orchestrator;P2;test/QA;support;"Triage owner 08: cephadm or orchestrator workflow; inspect endpoint hunk before binary impact verdict.";;;;
703;v16.2.15;v17.2.7;qa/suites/orch/cephadm/mgr-nfs-upgrade/0-centos_8.stream_container_tools.yaml;qa/suites/orch/cephadm/dashboard/0-distro/centos_8.stream_container_tools.yaml;R;R100;0;0;FALSE;120000;120000;7a86f967f0203edafda26f1e53831cc5640b09c6;7a86f967f0203edafda26f1e53831cc5640b09c6;08;08-cephadm-orchestrator;P2;test/QA;support;"Triage owner 08: cephadm or orchestrator workflow; inspect endpoint hunk before binary impact verdict.";"Git rename heuristic with 0/0 content change; verify logical move.";;;
704;v16.2.15;v17.2.7;qa/suites/orch/cephadm/mgr-nfs-upgrade/1-start.yaml;;M;M;0;15;FALSE;100644;100644;db4b260539494c1cd61e70ec6872209dce8bf9b4;2d9f09a4e76d971660de4e15f9be6c9eef84d0ec;08;08-cephadm-orchestrator;P2;test/QA;support;"Triage owner 08: cephadm or orchestrator workflow; inspect endpoint hunk before binary impact verdict.";;;;
705;v16.2.15;v17.2.7;qa/suites/orch/cephadm/orchestrator_cli/0-random-distro$;;M;M;1;1;FALSE;120000;120000;d2dffb181881d661eaa3798f14959a2205d45605;4b341719de407a2d39de924a7b2be2d2afef8f25;08;08-cephadm-orchestrator;P2;test/QA;support;"Triage owner 08: cephadm or orchestrator workflow; inspect endpoint hunk before binary impact verdict.";;;;
706;v16.2.15;v17.2.7;qa/suites/orch/cephadm/orchestrator_cli/agent;;A;A;1;0;FALSE;000000;120000;0000000000000000000000000000000000000000;1549242094390aa14c16b0c9116c6097942b5671;08;08-cephadm-orchestrator;P2;test/QA;support;"Triage owner 08: cephadm or orchestrator workflow; inspect endpoint hunk before binary impact verdict.";;;;
707;v16.2.15;v17.2.7;qa/suites/orch/cephadm/orchestrator_cli/orchestrator_cli.yaml;;M;M;2;1;FALSE;100644;100644;564a2eb0252d4a71d785e79d34f1d46a55d8303a;3e6e7f95536fc472fa1428528d779201d15856de;08;08-cephadm-orchestrator;P2;test/QA;support;"Triage owner 08: cephadm or orchestrator workflow; inspect endpoint hunk before binary impact verdict.";;;;
708;v16.2.15;v17.2.7;qa/suites/orch/cephadm/osds/0-distro;;M;M;1;1;FALSE;120000;120000;d2dffb181881d661eaa3798f14959a2205d45605;4b341719de407a2d39de924a7b2be2d2afef8f25;08;08-cephadm-orchestrator;P2;test/QA;support;"Triage owner 08: cephadm or orchestrator workflow; inspect endpoint hunk before binary impact verdict.";;;;
709;v16.2.15;v17.2.7;qa/suites/orch/cephadm/osds/2-ops/repave-all.yaml;;M;M;0;7;FALSE;100644;100644;fd1f9c6c35fa39015587df82b118a5aa73613e9a;16413aba8c2cf66c362a5494c56ca0a1f0732468;08;08-cephadm-orchestrator;P2;test/QA;support;"Triage owner 08: cephadm or orchestrator workflow; inspect endpoint hunk before binary impact verdict.";;;;
710;v16.2.15;v17.2.7;qa/suites/orch/cephadm/osds/2-ops/rm-zap-add.yaml;;M;M;0;7;FALSE;100644;100644;fb925e88ad65a776acfae94f336a69c11bfb1c99;09be72f11f028d77171771f28731a4dfa610fdf1;08;08-cephadm-orchestrator;P2;test/QA;support;"Triage owner 08: cephadm or orchestrator workflow; inspect endpoint hunk before binary impact verdict.";;;;
711;v16.2.15;v17.2.7;qa/suites/orch/cephadm/osds/2-ops/rm-zap-flag.yaml;;M;M;0;7;FALSE;100644;100644;db612a16c2ba39f53662f4aaa991350b22667600;8f07f6d537439e11f0338b6eb0cea960ae153f66;08;08-cephadm-orchestrator;P2;test/QA;support;"Triage owner 08: cephadm or orchestrator workflow; inspect endpoint hunk before binary impact verdict.";;;;
712;v16.2.15;v17.2.7;qa/suites/orch/cephadm/osds/2-ops/rm-zap-wait.yaml;;M;M;0;7;FALSE;100644;100644;72c043e8b00600af920f184832b4e2195b1a3669;78161aa49dd69f9a5b754d3e72aad8727ac45a9e;08;08-cephadm-orchestrator;P2;test/QA;support;"Triage owner 08: cephadm or orchestrator workflow; inspect endpoint hunk before binary impact verdict.";;;;
713;v16.2.15;v17.2.7;qa/suites/orch/cephadm/osds/2-ops/rmdir-reactivate.yaml;;M;M;0;8;FALSE;100644;100644;501dea155836acd25b3393a05c90a0303ceecfe5;a971a02e45625c5e49725410199b288e6823098a;08;08-cephadm-orchestrator;P2;test/QA;support;"Triage owner 08: cephadm or orchestrator workflow; inspect endpoint hunk before binary impact verdict.";;;;
714;v16.2.15;v17.2.7;qa/suites/orch/cephadm/smoke-roleless/0-distro;;M;M;1;1;FALSE;120000;120000;d2dffb181881d661eaa3798f14959a2205d45605;4b341719de407a2d39de924a7b2be2d2afef8f25;08;08-cephadm-orchestrator;P2;test/QA;support;"Triage owner 08: cephadm or orchestrator workflow; inspect endpoint hunk before binary impact verdict.";;;;
715;v16.2.15;v17.2.7;qa/suites/orch/cephadm/smoke-roleless/2-services/nfs-keepalive-only.yaml;;A;A;55;0;FALSE;000000;100644;0000000000000000000000000000000000000000;ba5afed473b6f522e704a788b08dcbfeb0164f6f;08;08-cephadm-orchestrator;P2;test/QA;support;"Triage owner 08: cephadm or orchestrator workflow; inspect endpoint hunk before binary impact verdict.";;;;
716;v16.2.15;v17.2.7;qa/suites/orch/cephadm/smoke-singlehost/.qa;qa/suites/orch/cephadm/workunits/0-distro/.qa;R;R100;0;0;FALSE;120000;120000;fea2489fdf6d9c5d189a12524b23f3f8daedd85a;fea2489fdf6d9c5d189a12524b23f3f8daedd85a;08;08-cephadm-orchestrator;P2;test/QA;support;"Triage owner 08: cephadm or orchestrator workflow; inspect endpoint hunk before binary impact verdict.";"Git rename heuristic with 0/0 content change; verify logical move.";;;
717;v16.2.15;v17.2.7;qa/suites/orch/cephadm/smoke-singlehost/0-distro$;;D;D;0;1;FALSE;120000;000000;d2dffb181881d661eaa3798f14959a2205d45605;0000000000000000000000000000000000000000;08;08-cephadm-orchestrator;P2;test/QA;support;"Triage owner 08: cephadm or orchestrator workflow; inspect endpoint hunk before binary impact verdict.";;;;
718;v16.2.15;v17.2.7;qa/suites/orch/cephadm/smoke-singlehost/0-random-distro$;;A;A;1;0;FALSE;000000;120000;0000000000000000000000000000000000000000;4b341719de407a2d39de924a7b2be2d2afef8f25;08;08-cephadm-orchestrator;P2;test/QA;support;"Triage owner 08: cephadm or orchestrator workflow; inspect endpoint hunk before binary impact verdict.";;;;
719;v16.2.15;v17.2.7;qa/suites/orch/cephadm/smoke/0-distro;;A;A;1;0;FALSE;000000;120000;0000000000000000000000000000000000000000;4b341719de407a2d39de924a7b2be2d2afef8f25;08;08-cephadm-orchestrator;P2;test/QA;support;"Triage owner 08: cephadm or orchestrator workflow; inspect endpoint hunk before binary impact verdict.";;;;
720;v16.2.15;v17.2.7;qa/suites/orch/cephadm/smoke/agent/off.yaml;;A;A;5;0;FALSE;000000;100644;0000000000000000000000000000000000000000;f37c651bc954bde2bddd8195265eed53aded26fc;08;08-cephadm-orchestrator;P2;test/QA;support;"Triage owner 08: cephadm or orchestrator workflow; inspect endpoint hunk before binary impact verdict.";;;;
721;v16.2.15;v17.2.7;qa/suites/orch/cephadm/smoke/agent/on.yaml;;A;A;5;0;FALSE;000000;100644;0000000000000000000000000000000000000000;90ac298b68e4f4a33edf0e2d8ddb16e4aaf50cc3;08;08-cephadm-orchestrator;P2;test/QA;support;"Triage owner 08: cephadm or orchestrator workflow; inspect endpoint hunk before binary impact verdict.";;;;
722;v16.2.15;v17.2.7;qa/suites/orch/cephadm/smoke/distro;;D;D;0;1;FALSE;120000;000000;be53a48336498366b0cc87abe9d57ca07df9e1c1;0000000000000000000000000000000000000000;08;08-cephadm-orchestrator;P2;test/QA;support;"Triage owner 08: cephadm or orchestrator workflow; inspect endpoint hunk before binary impact verdict.";;;;
723;v16.2.15;v17.2.7;qa/suites/orch/cephadm/smoke/start.yaml;;M;M;0;8;FALSE;100644;100644;6a43d0f3d46da1624cca73fffe7505ffb0688941;77f493ca1b9f7f627d61b5999737b84c96a67c18;08;08-cephadm-orchestrator;P2;test/QA;support;"Triage owner 08: cephadm or orchestrator workflow; inspect endpoint hunk before binary impact verdict.";;;;
724;v16.2.15;v17.2.7;qa/suites/orch/cephadm/thrash-old-clients/1-install/luminous-v1only.yaml;;D;D;0;32;FALSE;100644;000000;f29bb3527bf8b1f7a9714887f5ca94abb53f6226;0000000000000000000000000000000000000000;08;08-cephadm-orchestrator;P2;test/QA;support;"Triage owner 08: cephadm or orchestrator workflow; inspect endpoint hunk before binary impact verdict.";;;;
725;v16.2.15;v17.2.7;qa/suites/orch/cephadm/thrash-old-clients/1-install/luminous.yaml;;D;D;0;31;FALSE;100644;000000;f51a883fa5fcf84d40b7eca7bde0860bd4b2373a;0000000000000000000000000000000000000000;08;08-cephadm-orchestrator;P2;test/QA;support;"Triage owner 08: cephadm or orchestrator workflow; inspect endpoint hunk before binary impact verdict.";;;;
726;v16.2.15;v17.2.7;qa/suites/orch/cephadm/thrash-old-clients/1-install/mimic-v1only.yaml;;D;D;0;32;FALSE;100644;000000;a37b451e59e5b0ad351f0c3d53085a688dac1d88;0000000000000000000000000000000000000000;08;08-cephadm-orchestrator;P2;test/QA;support;"Triage owner 08: cephadm or orchestrator workflow; inspect endpoint hunk before binary impact verdict.";;;;
727;v16.2.15;v17.2.7;qa/suites/orch/cephadm/thrash-old-clients/1-install/mimic.yaml;;D;D;0;32;FALSE;100644;000000;07aefd15ccc27df53f8dedef057d778288849be2;0000000000000000000000000000000000000000;08;08-cephadm-orchestrator;P2;test/QA;support;"Triage owner 08: cephadm or orchestrator workflow; inspect endpoint hunk before binary impact verdict.";;;;
728;v16.2.15;v17.2.7;qa/suites/orch/cephadm/thrash-old-clients/distro$/ubuntu_18.04.yaml;;D;D;0;1;FALSE;120000;000000;cfb85f10ef598cbb7e18628705c9bb8921775626;0000000000000000000000000000000000000000;08;08-cephadm-orchestrator;P2;test/QA;support;"Triage owner 08: cephadm or orchestrator workflow; inspect endpoint hunk before binary impact verdict.";;;;
729;v16.2.15;v17.2.7;qa/suites/orch/cephadm/thrash/0-distro;;M;M;1;1;FALSE;120000;120000;f0db8bb61f82747160b655b53c7d024a78d752d8;4b341719de407a2d39de924a7b2be2d2afef8f25;08;08-cephadm-orchestrator;P2;test/QA;support;"Triage owner 08: cephadm or orchestrator workflow; inspect endpoint hunk before binary impact verdict.";;;;
730;v16.2.15;v17.2.7;qa/suites/orch/cephadm/thrash/2-thrash.yaml;;M;M;0;17;FALSE;100644;100644;2f45d767658962294ad179d2085e951f521aa37b;05e0f8e76d11d53ea633e3a70ef6e2f785c9e28e;08;08-cephadm-orchestrator;P2;test/QA;support;"Triage owner 08: cephadm or orchestrator workflow; inspect endpoint hunk before binary impact verdict.";;;;
731;v16.2.15;v17.2.7;qa/suites/orch/cephadm/upgrade/3-upgrade/simple.yaml;;M;M;1;0;FALSE;100644;100644;80463a6c075631c6d74422a8ac18f7bdba269120;bc318adf4832a0bbd07dea47e900fe392da35ef3;08;08-cephadm-orchestrator;P2;test/QA;support;"Triage owner 08: cephadm or orchestrator workflow; inspect endpoint hunk before binary impact verdict.";;;;
732;v16.2.15;v17.2.7;qa/suites/orch/cephadm/upgrade/4-wait.yaml;;M;M;0;11;FALSE;100644;100644;ddba90e93d99d207b697605642b91af9ce37be40;58afe00c5be88782d17b36ffc39617a93b58cce3;08;08-cephadm-orchestrator;P2;test/QA;support;"Triage owner 08: cephadm or orchestrator workflow; inspect endpoint hunk before binary impact verdict.";;;;
733;v16.2.15;v17.2.7;qa/suites/orch/cephadm/upgrade/5-upgrade-ls.yaml;;M;M;1;1;FALSE;100644;100644;236ea6c6bae2de43038bca3db2c0a005fb9e42a8;799458bc5aeab895e774bc79b4220591f5bbd4b7;08;08-cephadm-orchestrator;P2;test/QA;support;"Triage owner 08: cephadm or orchestrator workflow; inspect endpoint hunk before binary impact verdict.";;;;
734;v16.2.15;v17.2.7;qa/suites/orch/cephadm/upgrade/agent;;A;A;1;0;FALSE;000000;120000;0000000000000000000000000000000000000000;1549242094390aa14c16b0c9116c6097942b5671;08;08-cephadm-orchestrator;P2;test/QA;support;"Triage owner 08: cephadm or orchestrator workflow; inspect endpoint hunk before binary impact verdict.";;;;
735;v16.2.15;v17.2.7;qa/suites/orch/cephadm/with-work/0-distro;;M;M;1;1;FALSE;120000;120000;92c9153eac75da9eadf995dda2a10deb29daebb0;4b341719de407a2d39de924a7b2be2d2afef8f25;08;08-cephadm-orchestrator;P2;test/QA;support;"Triage owner 08: cephadm or orchestrator workflow; inspect endpoint hunk before binary impact verdict.";;;;
736;v16.2.15;v17.2.7;qa/suites/orch/cephadm/with-work/tasks/rotate-keys.yaml;;A;A;16;0;FALSE;000000;100644;0000000000000000000000000000000000000000;5b91c6ed3aea8414dd1eb2cb01869e830b0d5ad7;08;08-cephadm-orchestrator;P2;test/QA;support;"Triage owner 08: cephadm or orchestrator workflow; inspect endpoint hunk before binary impact verdict.";;;;
737;v16.2.15;v17.2.7;qa/suites/orch/cephadm/workunits/0-distro;;A;A;1;0;FALSE;000000;120000;0000000000000000000000000000000000000000;4b341719de407a2d39de924a7b2be2d2afef8f25;08;08-cephadm-orchestrator;P2;test/QA;support;"Triage owner 08: cephadm or orchestrator workflow; inspect endpoint hunk before binary impact verdict.";;;;
738;v16.2.15;v17.2.7;qa/suites/orch/cephadm/workunits/0-distro/centos_8.stream_container_tools.yaml;;D;D;0;1;FALSE;120000;000000;7a86f967f0203edafda26f1e53831cc5640b09c6;0000000000000000000000000000000000000000;08;08-cephadm-orchestrator;P2;test/QA;support;"Triage owner 08: cephadm or orchestrator workflow; inspect endpoint hunk before binary impact verdict.";;;;
739;v16.2.15;v17.2.7;qa/suites/orch/cephadm/workunits/agent;;A;A;1;0;FALSE;000000;120000;0000000000000000000000000000000000000000;1549242094390aa14c16b0c9116c6097942b5671;08;08-cephadm-orchestrator;P2;test/QA;support;"Triage owner 08: cephadm or orchestrator workflow; inspect endpoint hunk before binary impact verdict.";;;;
740;v16.2.15;v17.2.7;qa/suites/orch/cephadm/workunits/task/test_nfs.yaml;;M;M;0;6;FALSE;100644;100644;afa9deecb8e4b4122fbd8188d6b57884f5a266b3;8448c1a2fa7048bc6588e78229ea62d905e715e4;08;08-cephadm-orchestrator;P2;test/QA;support;"Triage owner 08: cephadm or orchestrator workflow; inspect endpoint hunk before binary impact verdict.";;;;
741;v16.2.15;v17.2.7;qa/suites/orch/cephadm/workunits/task/test_orch_cli.yaml;;M;M;0;7;FALSE;100644;100644;a1b8a4c0f899af226227e39ef6b2c33c3b9c4f8a;ec65fb116f718cef1039b392ccecc32624013b3c;08;08-cephadm-orchestrator;P2;test/QA;support;"Triage owner 08: cephadm or orchestrator workflow; inspect endpoint hunk before binary impact verdict.";;;;
742;v16.2.15;v17.2.7;qa/suites/orch/cephadm/workunits/task/test_orch_cli_mon.yaml;;M;M;0;7;FALSE;100644;100644;5e8d286db78ce0a0654472471b38d2d7eb4721da;2a33dc8399c185021eb9b6261db7e0c86fd72a6a;08;08-cephadm-orchestrator;P2;test/QA;support;"Triage owner 08: cephadm or orchestrator workflow; inspect endpoint hunk before binary impact verdict.";;;;
743;v16.2.15;v17.2.7;qa/suites/orch/cephadm/workunits/task/test_rgw_multisite.yaml;;A;A;40;0;FALSE;000000;100644;0000000000000000000000000000000000000000;976e3730ce320a3fca65f8436a4eadedec7fa6f3;08;08-cephadm-orchestrator;P2;test/QA;support;"Triage owner 08: cephadm or orchestrator workflow; inspect endpoint hunk before binary impact verdict.";;;;
744;v16.2.15;v17.2.7;qa/suites/orch/cephadm/workunits/task/test_set_mon_crush_locations.yaml;;A;A;62;0;FALSE;000000;100644;0000000000000000000000000000000000000000;6d9bd1525d838f2a192c0d34a254bde9d86ad0ac;08;08-cephadm-orchestrator;P2;test/QA;support;"Triage owner 08: cephadm or orchestrator workflow; inspect endpoint hunk before binary impact verdict.";;;;
745;v16.2.15;v17.2.7;qa/suites/orch/rook/smoke/0-distro/ubuntu_18.04.yaml;;D;D;0;2;FALSE;100644;000000;4d4464884a7de7ba3c60157589100c673ca66669;0000000000000000000000000000000000000000;08;08-cephadm-orchestrator;P2;test/QA;support;"Triage owner 08: cephadm or orchestrator workflow; inspect endpoint hunk before binary impact verdict.";;;;
746;v16.2.15;v17.2.7;qa/suites/orch/rook/smoke/0-nvme-loop.yaml;;A;A;1;0;FALSE;000000;120000;0000000000000000000000000000000000000000;5206b6eddee8823bb7807f84c079471059510fe2;08;08-cephadm-orchestrator;P2;test/QA;support;"Triage owner 08: cephadm or orchestrator workflow; inspect endpoint hunk before binary impact verdict.";;;;
747;v16.2.15;v17.2.7;qa/suites/orch/rook/smoke/1-rook.yaml;;M;M;1;0;FALSE;100644;100644;eca74f16053305b6591a579a8765bd7dee7fe2a0;e990b2d51d0b7fb562f897140307ed2d8cdc9111;08;08-cephadm-orchestrator;P2;test/QA;support;"Triage owner 08: cephadm or orchestrator workflow; inspect endpoint hunk before binary impact verdict.";;;;
748;v16.2.15;v17.2.7;qa/suites/orch/rook/smoke/2-workload/radosbench.yaml;;M;M;7;0;FALSE;100644;100644;fd71605c81522c75d8e9ffe0e9903c51a5eca6a7;8cfd6d9b1b76f2bc48442a93ffe2c185123ad291;08;08-cephadm-orchestrator;P2;test/QA;support;"Triage owner 08: cephadm or orchestrator workflow; inspect endpoint hunk before binary impact verdict.";;;;
749;v16.2.15;v17.2.7;qa/suites/orch/rook/smoke/3-final.yaml;;M;M;38;0;FALSE;100644;100644;7628cc9da2126fbfa3b5e43c3eeb3cb2dadf6da3;27d8a04e84eb2a4cfdd39a6907249b947758c4ce;08;08-cephadm-orchestrator;P2;test/QA;support;"Triage owner 08: cephadm or orchestrator workflow; inspect endpoint hunk before binary impact verdict.";;;;
750;v16.2.15;v17.2.7;qa/suites/orch/rook/smoke/cluster/1-node.yaml;;M;M;6;0;FALSE;100644;100644;e238526ca3839580d3d59817dff560b4df70d963;d18510f6efb48d9d4c55105fd92cd7c190edad52;08;08-cephadm-orchestrator;P2;test/QA;support;"Triage owner 08: cephadm or orchestrator workflow; inspect endpoint hunk before binary impact verdict.";;;;
751;v16.2.15;v17.2.7;qa/suites/orch/rook/smoke/net/flannel.yaml;;A;A;3;0;FALSE;000000;100644;0000000000000000000000000000000000000000;8a1a20691850a4c6b3a9d819da767a4245f77d68;08;08-cephadm-orchestrator;P2;test/QA;support;"Triage owner 08: cephadm or orchestrator workflow; inspect endpoint hunk before binary impact verdict.";;;;
752;v16.2.15;v17.2.7;qa/suites/orch/rook/smoke/net/host.yaml;;A;A;7;0;FALSE;000000;100644;0000000000000000000000000000000000000000;d25725afdae12ec5c075b94bf4328fccad47eeed;08;08-cephadm-orchestrator;P2;test/QA;support;"Triage owner 08: cephadm or orchestrator workflow; inspect endpoint hunk before binary impact verdict.";;;;
753;v16.2.15;v17.2.7;qa/suites/orch/rook/smoke/rook/1.6.2.yaml;;D;D;0;4;FALSE;100644;000000;2b9b25725ab6e57706b0dc0803e734fbeb8cf69d;0000000000000000000000000000000000000000;08;08-cephadm-orchestrator;P2;test/QA;support;"Triage owner 08: cephadm or orchestrator workflow; inspect endpoint hunk before binary impact verdict.";;;;
754;v16.2.15;v17.2.7;qa/suites/orch/rook/smoke/rook/1.7.2.yaml;;A;A;4;0;FALSE;000000;100644;0000000000000000000000000000000000000000;de96c5815001fbf51015a3fcb29540a07b94e0ce;08;08-cephadm-orchestrator;P2;test/QA;support;"Triage owner 08: cephadm or orchestrator workflow; inspect endpoint hunk before binary impact verdict.";;;;
1349;v16.2.15;v17.2.7;qa/tasks/cephadm.conf;;M;M;2;2;FALSE;100644;100644;2a83b083de3f8a6a3930b1d05745b1208fec2116;9ec08a346ec26ca87dce2289649604d9cf3655dd;08;08-cephadm-orchestrator;P2;test/QA;support;"Triage owner 08: cephadm or orchestrator workflow; inspect endpoint hunk before binary impact verdict.";;;;
1350;v16.2.15;v17.2.7;qa/tasks/cephadm.py;;M;M;114;21;FALSE;100644;100644;a70c060de395f13f07c28d5dd5054c878dd6bb28;be5ddd65d4544199ab2466d2fb3df87d60ab6473;08;08-cephadm-orchestrator;P2;test/QA;support;"Triage owner 08: cephadm or orchestrator workflow; inspect endpoint hunk before binary impact verdict.";;;;
1351;v16.2.15;v17.2.7;qa/tasks/cephadm_cases/test_cli.py;;M;M;10;0;FALSE;100644;100644;c4cab49017bc0e42004354a74aafb61c1c6d27c9;ca40a8cdb0f8870b3ca943aea16c9c6285299ec9;08;08-cephadm-orchestrator;P2;test/QA;support;"Triage owner 08: cephadm or orchestrator workflow; inspect endpoint hunk before binary impact verdict.";;;;
1430;v16.2.15;v17.2.7;qa/workunits/cephadm/test_cephadm.sh;;M;M;3;18;FALSE;100755;100755;0b5ebe95f5cf731661bcd3280e8ab45af5c5a64a;026b00841920b31d85b55110729478bd83110ab0;08;08-cephadm-orchestrator;P2;test/QA;support;"Triage owner 08: cephadm or orchestrator workflow; inspect endpoint hunk before binary impact verdict.";;;;
1431;v16.2.15;v17.2.7;qa/workunits/cephadm/test_dashboard_e2e.sh;;M;M;1;7;FALSE;100755;100755;e6dfaa9cef0389b164bcc9d9566a4d95b5436686;28e1b097a0e6604e7f7ff1e12ea1becaaced10ce;08;08-cephadm-orchestrator;P2;test/QA;support;"Triage owner 08: cephadm or orchestrator workflow; inspect endpoint hunk before binary impact verdict.";;;;
1526;v16.2.15;v17.2.7;src/cephadm/box/Dockerfile;;A;A;32;0;FALSE;000000;100644;0000000000000000000000000000000000000000;e927bcb70793c85cc15c805d6defa30789664dc5;08;08-cephadm-orchestrator;P1;runtime/source;deep;"Triage owner 08: cephadm or orchestrator workflow; inspect endpoint hunk before binary impact verdict.";;;;
1527;v16.2.15;v17.2.7;src/cephadm/box/__init__.py;qa/suites/upgrade/nautilus-x/stress-split/4-workload/+;R;R100;0;0;FALSE;100644;100644;e69de29bb2d1d6434b8b29ae775ad8c2e48c5391;e69de29bb2d1d6434b8b29ae775ad8c2e48c5391;08;08-cephadm-orchestrator;P1;runtime/source;deep;"Triage owner 08: cephadm or orchestrator workflow; inspect endpoint hunk before binary impact verdict.";"Git rename heuristic with 0/0 content change; verify logical move.";;;
1528;v16.2.15;v17.2.7;src/cephadm/box/box.py;;A;A;297;0;FALSE;000000;100755;0000000000000000000000000000000000000000;6c4dd7fd782957e711963d2be4192f03e9b84949;08;08-cephadm-orchestrator;P1;runtime/source;deep;"Triage owner 08: cephadm or orchestrator workflow; inspect endpoint hunk before binary impact verdict.";;;;
1529;v16.2.15;v17.2.7;src/cephadm/box/daemon.json;;A;A;3;0;FALSE;000000;100644;0000000000000000000000000000000000000000;5cfcaa87fd702e62c6a4ca1f1b3946e621cb6ebe;08;08-cephadm-orchestrator;P1;runtime/source;deep;"Triage owner 08: cephadm or orchestrator workflow; inspect endpoint hunk before binary impact verdict.";;;;
1530;v16.2.15;v17.2.7;src/cephadm/box/docker-compose.cgroup1.yml;;A;A;10;0;FALSE;000000;100644;0000000000000000000000000000000000000000;ea23dec1e45aee81e862828698070db7a55b8126;08;08-cephadm-orchestrator;P1;runtime/source;deep;"Triage owner 08: cephadm or orchestrator workflow; inspect endpoint hunk before binary impact verdict.";;;;
1531;v16.2.15;v17.2.7;src/cephadm/box/docker-compose.yml;;A;A;45;0;FALSE;000000;100644;0000000000000000000000000000000000000000;3d9d3ea9ac0f0cc3de9a00228505192ca9f244b5;08;08-cephadm-orchestrator;P1;runtime/source;deep;"Triage owner 08: cephadm or orchestrator workflow; inspect endpoint hunk before binary impact verdict.";;;;
1532;v16.2.15;v17.2.7;src/cephadm/box/docker/ceph/.bashrc;qa/suites/upgrade/nautilus-x/stress-split/8-final-workload/+;R;R100;0;0;FALSE;100644;100644;e69de29bb2d1d6434b8b29ae775ad8c2e48c5391;e69de29bb2d1d6434b8b29ae775ad8c2e48c5391;08;08-cephadm-orchestrator;P1;runtime/source;deep;"Triage owner 08: cephadm or orchestrator workflow; inspect endpoint hunk before binary impact verdict.";"Git rename heuristic with 0/0 content change; verify logical move.";;;
1533;v16.2.15;v17.2.7;src/cephadm/box/docker/ceph/Dockerfile;;A;A;2;0;FALSE;000000;100644;0000000000000000000000000000000000000000;b18aee4957f26a8fbccc2dec2f7b1c0783d32955;08;08-cephadm-orchestrator;P1;runtime/source;deep;"Triage owner 08: cephadm or orchestrator workflow; inspect endpoint hunk before binary impact verdict.";;;;
1534;v16.2.15;v17.2.7;src/cephadm/box/docker/ceph/locale.conf;;A;A;2;0;FALSE;000000;100644;0000000000000000000000000000000000000000;00d76c8cdb6516c55192bc27eed4a790bd65c4ec;08;08-cephadm-orchestrator;P1;runtime/source;deep;"Triage owner 08: cephadm or orchestrator workflow; inspect endpoint hunk before binary impact verdict.";;;;
1535;v16.2.15;v17.2.7;src/cephadm/box/host.py;;A;A;112;0;FALSE;000000;100644;0000000000000000000000000000000000000000;d7907812d6ec832b049e38e37b5f28ffec6977b5;08;08-cephadm-orchestrator;P1;runtime/source;deep;"Triage owner 08: cephadm or orchestrator workflow; inspect endpoint hunk before binary impact verdict.";;;;
1536;v16.2.15;v17.2.7;src/cephadm/box/osd.py;;A;A;167;0;FALSE;000000;100644;0000000000000000000000000000000000000000;72693ac85bf5827db72b85cc35986976f26fa8b7;08;08-cephadm-orchestrator;P1;runtime/source;deep;"Triage owner 08: cephadm or orchestrator workflow; inspect endpoint hunk before binary impact verdict.";;;;
1537;v16.2.15;v17.2.7;src/cephadm/box/util.py;;A;A;162;0;FALSE;000000;100644;0000000000000000000000000000000000000000;6b939b6befc6ec6eb972641e8a8da4046f01bc3b;08;08-cephadm-orchestrator;P1;runtime/source;deep;"Triage owner 08: cephadm or orchestrator workflow; inspect endpoint hunk before binary impact verdict.";;;;
1538;v16.2.15;v17.2.7;src/cephadm/cephadm;;M;M;1414;1244;FALSE;100755;100755;5b85dadfb2aa4418550b60e5da75c69a4115181f;eaaeb840664172ed5f9ca9d524f90ab7bfc40cf1;08;08-cephadm-orchestrator;P1;runtime/source;deep;"Triage owner 08: cephadm or orchestrator workflow; inspect endpoint hunk before binary impact verdict.";;;;
1539;v16.2.15;v17.2.7;src/cephadm/containers/keepalived/Dockerfile;;A;A;24;0;FALSE;000000;100644;0000000000000000000000000000000000000000;ac305f72b62e7e5242066720d02c93bf087cd15f;08;08-cephadm-orchestrator;P1;runtime/source;deep;"Triage owner 08: cephadm or orchestrator workflow; inspect endpoint hunk before binary impact verdict.";;;;
1540;v16.2.15;v17.2.7;src/cephadm/containers/keepalived/LICENSE;;A;A;21;0;FALSE;000000;100644;0000000000000000000000000000000000000000;74b10b143e5cbaee2c4a1088131b22c7e0147616;08;08-cephadm-orchestrator;P1;runtime/source;deep;"Triage owner 08: cephadm or orchestrator workflow; inspect endpoint hunk before binary impact verdict.";;;;
1541;v16.2.15;v17.2.7;src/cephadm/containers/keepalived/README.md;;A;A;233;0;FALSE;000000;100644;0000000000000000000000000000000000000000;a70d61e319b780c6ea08ec7d33e411a5fd0db892;08;08-cephadm-orchestrator;P2;documentation;support;"Triage owner 08: cephadm or orchestrator workflow; inspect endpoint hunk before binary impact verdict.";;;;
1542;v16.2.15;v17.2.7;src/cephadm/containers/keepalived/skel/init.sh;;A;A;22;0;FALSE;000000;100755;0000000000000000000000000000000000000000;9c86cfad2f0bdc44c40ed122438cd49012f4a035;08;08-cephadm-orchestrator;P1;runtime/source;deep;"Triage owner 08: cephadm or orchestrator workflow; inspect endpoint hunk before binary impact verdict.";;;;
1543;v16.2.15;v17.2.7;src/cephadm/tests/fixtures.py;;M;M;3;13;FALSE;100644;100644;45990d910b6b82c540b69340863c255ff9aa76e9;fffab9085f18c0190527c0cfe43d146c8eabe20d;08;08-cephadm-orchestrator;P1;runtime/source;deep;"Triage owner 08: cephadm or orchestrator workflow; inspect endpoint hunk before binary impact verdict.";;;;
1544;v16.2.15;v17.2.7;src/cephadm/tests/test_cephadm.py;;M;M;370;339;FALSE;100644;100644;ec526a05e05c23b059384391b5023df8bbe1613a;7559402d3983b6b4a9f9565d2ba8ac0d32006709;08;08-cephadm-orchestrator;P1;runtime/source;deep;"Triage owner 08: cephadm or orchestrator workflow; inspect endpoint hunk before binary impact verdict.";;;;
1545;v16.2.15;v17.2.7;src/cephadm/tox.ini;;M;M;5;1;FALSE;100644;100644;079605afcae928a458f56d07c63cd3fc21edbf00;c1d9cf6faf8f143b32ea73ac3c559a7007642a16;08;08-cephadm-orchestrator;P1;runtime/source;deep;"Triage owner 08: cephadm or orchestrator workflow; inspect endpoint hunk before binary impact verdict.";;;;
2559;v16.2.15;v17.2.7;src/pybind/mgr/cephadm/agent.py;;A;A;740;0;FALSE;000000;100644;0000000000000000000000000000000000000000;fa75a8759bbcf3907ef8bd941b25b612106418f6;08;08-cephadm-orchestrator;P1;runtime/source;deep;"Triage owner 08: cephadm or orchestrator workflow; inspect endpoint hunk before binary impact verdict.";;;;
2560;v16.2.15;v17.2.7;src/pybind/mgr/cephadm/inventory.py;;M;M;480;9;FALSE;100644;100644;8299383bda447b459b4439493ca196c7819096ea;ec2e4514efa818ea02f72fc4e7d51f180e5cba74;08;08-cephadm-orchestrator;P1;runtime/source;deep;"Triage owner 08: cephadm or orchestrator workflow; inspect endpoint hunk before binary impact verdict.";;;;
2561;v16.2.15;v17.2.7;src/pybind/mgr/cephadm/migrations.py;;M;M;2;1;FALSE;100644;100644;4a8c1b2f5bab09795a4fbfcd0bbd05c53c1b8b30;a3a35a900e9069fc3d7701db79770399bcac6e30;08;08-cephadm-orchestrator;P1;runtime/source;deep;"Triage owner 08: cephadm or orchestrator workflow; inspect endpoint hunk before binary impact verdict.";;;;
2562;v16.2.15;v17.2.7;src/pybind/mgr/cephadm/module.py;;M;M;555;372;FALSE;100644;100644;682ea210748671cd741aad8c0b557673d3eeab4a;3fdbb64f9c316a636802c89d52bfb8c501e876db;08;08-cephadm-orchestrator;P1;runtime/source;deep;"Triage owner 08: cephadm or orchestrator workflow; inspect endpoint hunk before binary impact verdict.";;;;
2563;v16.2.15;v17.2.7;src/pybind/mgr/cephadm/offline_watcher.py;;M;M;1;11;FALSE;100644;100644;006156fc736031e889d9e5ada91acf62fe716177;2b7751dfc34d8118833ef1c597f1cc5cb370a3c2;08;08-cephadm-orchestrator;P1;runtime/source;deep;"Triage owner 08: cephadm or orchestrator workflow; inspect endpoint hunk before binary impact verdict.";;;;
2564;v16.2.15;v17.2.7;src/pybind/mgr/cephadm/remotes.py;;D;D;0;50;FALSE;100644;000000;e1ecf2dcbe93b2548e93e303e1f8286534f1fa20;0000000000000000000000000000000000000000;08;08-cephadm-orchestrator;P1;runtime/source;deep;"Triage owner 08: cephadm or orchestrator workflow; inspect endpoint hunk before binary impact verdict.";;;;
2565;v16.2.15;v17.2.7;src/pybind/mgr/cephadm/schedule.py;;M;M;36;2;FALSE;100644;100644;a727f50491f509718c11593f264ba2b5191cac07;eabdedf95103fa8050b3d80027ecc65a03b54fd1;08;08-cephadm-orchestrator;P1;runtime/source;deep;"Triage owner 08: cephadm or orchestrator workflow; inspect endpoint hunk before binary impact verdict.";;;;
2566;v16.2.15;v17.2.7;src/pybind/mgr/cephadm/serve.py;;M;M;393;382;FALSE;100644;100644;5c491b23bb3736a333aa3bcb5f98fbc682f82cfe;268d21963422cb07431c9b01c2c8002be3be1307;08;08-cephadm-orchestrator;P1;runtime/source;deep;"Triage owner 08: cephadm or orchestrator workflow; inspect endpoint hunk before binary impact verdict.";;;;
2567;v16.2.15;v17.2.7;src/pybind/mgr/cephadm/services/cephadmservice.py;;M;M;182;28;FALSE;100644;100644;a3f97b75e8e8fe2da8ff062958b76d3f6513052f;bc9c02f5d5d10fdc6d0ed36dd21dc274d28df290;08;08-cephadm-orchestrator;P1;runtime/source;deep;"Triage owner 08: cephadm or orchestrator workflow; inspect endpoint hunk before binary impact verdict.";;;;
2568;v16.2.15;v17.2.7;src/pybind/mgr/cephadm/services/exporter.py;;D;D;0;147;FALSE;100644;000000;b9c7d85e6256aba59b2a15378d447ee80b59f80a;0000000000000000000000000000000000000000;08;08-cephadm-orchestrator;P1;runtime/source;deep;"Triage owner 08: cephadm or orchestrator workflow; inspect endpoint hunk before binary impact verdict.";;;;
2569;v16.2.15;v17.2.7;src/pybind/mgr/cephadm/services/ingress.py;;M;M;45;7;FALSE;100644;100644;93f2acc4429c1d96c22428e264a4d6bc8259d3e3;225bb2b8ebb7c5717adffae0beb9199addecb507;08;08-cephadm-orchestrator;P1;runtime/source;deep;"Triage owner 08: cephadm or orchestrator workflow; inspect endpoint hunk before binary impact verdict.";;;;
2570;v16.2.15;v17.2.7;src/pybind/mgr/cephadm/services/monitoring.py;;M;M;70;2;FALSE;100644;100644;479ea30f17817c06a33e56c88905be4502a508f5;2a707f4de9461317e798baf2b63a1e5f3bbde7a4;08;08-cephadm-orchestrator;P1;runtime/source;deep;"Triage owner 08: cephadm or orchestrator workflow; inspect endpoint hunk before binary impact verdict.";;;;
2571;v16.2.15;v17.2.7;src/pybind/mgr/cephadm/services/nfs.py;;M;M;4;1;FALSE;100644;100644;ee53283bd9c185aa135a3d06efdde6ba62316346;70e771679c09a19811762ed2134da1315a101236;08;08-cephadm-orchestrator;P1;runtime/source;deep;"Triage owner 08: cephadm or orchestrator workflow; inspect endpoint hunk before binary impact verdict.";;;;
2572;v16.2.15;v17.2.7;src/pybind/mgr/cephadm/services/osd.py;;M;M;41;32;FALSE;100644;100644;93ebb7c7667f7ec555d4600ed88613af01ca751a;d777d7fc6fe43c4381571da439ec6ae01176f88e;08;08-cephadm-orchestrator;P1;runtime/source;deep;"Triage owner 08: cephadm or orchestrator workflow; inspect endpoint hunk before binary impact verdict.";;;;
2573;v16.2.15;v17.2.7;src/pybind/mgr/cephadm/ssh.py;;A;A;345;0;FALSE;000000;100644;0000000000000000000000000000000000000000;13e2bb1aad13c9d52a23495ae7910075732e43a0;08;08-cephadm-orchestrator;P1;runtime/source;deep;"Triage owner 08: cephadm or orchestrator workflow; inspect endpoint hunk before binary impact verdict.";;;;
2574;v16.2.15;v17.2.7;src/pybind/mgr/cephadm/templates/services/grafana/ceph-dashboard.yml.j2;;M;M;12;0;FALSE;100644;100644;170e6f246f6df6f40b37c705c2c1541913b5ef11;7e5ffe5eaa88da1f6cc9142608010287a8e4fb7d;08;08-cephadm-orchestrator;P1;runtime/source;deep;"Triage owner 08: cephadm or orchestrator workflow; inspect endpoint hunk before binary impact verdict.";;;;
2575;v16.2.15;v17.2.7;src/pybind/mgr/cephadm/templates/services/grafana/grafana.ini.j2;;M;M;4;0;FALSE;100644;100644;cf23802d71b78d014773c4112843612aebe33f0d;05c5b33ce6c344fc4a9f39e03b142333057fe93e;08;08-cephadm-orchestrator;P1;runtime/source;deep;"Triage owner 08: cephadm or orchestrator workflow; inspect endpoint hunk before binary impact verdict.";;;;
2576;v16.2.15;v17.2.7;src/pybind/mgr/cephadm/templates/services/ingress/keepalived.conf.j2;;M;M;4;2;FALSE;100644;100644;f560c9756654d0d51a025dc37d668ee7575023da;dfab7e342451d0a802b91c42322ba4d8e6bcf967;08;08-cephadm-orchestrator;P1;runtime/source;deep;"Triage owner 08: cephadm or orchestrator workflow; inspect endpoint hunk before binary impact verdict.";;;;
2577;v16.2.15;v17.2.7;src/pybind/mgr/cephadm/templates/services/loki.yml.j2;;A;A;28;0;FALSE;000000;100644;0000000000000000000000000000000000000000;27143723113d897089a1cd60aab2647658b0e7d0;08;08-cephadm-orchestrator;P1;runtime/source;deep;"Triage owner 08: cephadm or orchestrator workflow; inspect endpoint hunk before binary impact verdict.";;;;
2578;v16.2.15;v17.2.7;src/pybind/mgr/cephadm/templates/services/promtail.yml.j2;;A;A;17;0;FALSE;000000;100644;0000000000000000000000000000000000000000;5ce7a3103522617b5037f0feb3882c3547f0ac67;08;08-cephadm-orchestrator;P1;runtime/source;deep;"Triage owner 08: cephadm or orchestrator workflow; inspect endpoint hunk before binary impact verdict.";;;;
2579;v16.2.15;v17.2.7;src/pybind/mgr/cephadm/tests/fixtures.py;;M;M;58;10;FALSE;100644;100644;3e73cb59b085c111acad8b8e542c86a86053769e;23c4fe79130448c0acccc40f0e2c89df24d5fa3b;08;08-cephadm-orchestrator;P1;runtime/source;deep;"Triage owner 08: cephadm or orchestrator workflow; inspect endpoint hunk before binary impact verdict.";;;;
2580;v16.2.15;v17.2.7;src/pybind/mgr/cephadm/tests/test_agent.py;;A;A;157;0;FALSE;000000;100644;0000000000000000000000000000000000000000;a4b1dc1b24368241435df62b257bdabe94c5e228;08;08-cephadm-orchestrator;P1;runtime/source;deep;"Triage owner 08: cephadm or orchestrator workflow; inspect endpoint hunk before binary impact verdict.";;;;
2581;v16.2.15;v17.2.7;src/pybind/mgr/cephadm/tests/test_cephadm.py;;M;M;502;150;FALSE;100644;100644;b050aa6d018ec46eab77b596e3ec14c379b12e92;eb5247e22736849152b723d9967f06928a35c7d2;08;08-cephadm-orchestrator;P1;runtime/source;deep;"Triage owner 08: cephadm or orchestrator workflow; inspect endpoint hunk before binary impact verdict.";;;;
2582;v16.2.15;v17.2.7;src/pybind/mgr/cephadm/tests/test_migration.py;;M;M;2;1;FALSE;100644;100644;081b2447f5a1096bd3a32533e7798891a9c8c61c;93481553ab5fdb1a82a3034a12ed8e3e911086ca;08;08-cephadm-orchestrator;P1;runtime/source;deep;"Triage owner 08: cephadm or orchestrator workflow; inspect endpoint hunk before binary impact verdict.";;;;
2583;v16.2.15;v17.2.7;src/pybind/mgr/cephadm/tests/test_scheduling.py;;M;M;80;0;FALSE;100644;100644;14c51848a30ffccbf4d873b8b7993f872c81220d;11beffd158e6d77735dd8dfcac29392e71c7aebe;08;08-cephadm-orchestrator;P1;runtime/source;deep;"Triage owner 08: cephadm or orchestrator workflow; inspect endpoint hunk before binary impact verdict.";;;;
2584;v16.2.15;v17.2.7;src/pybind/mgr/cephadm/tests/test_services.py;;M;M;334;62;FALSE;100644;100644;a979556c046deae9b4a23093cde5e663b4dae3ad;c10b394be393edea4611fa97500ad07225544299;08;08-cephadm-orchestrator;P1;runtime/source;deep;"Triage owner 08: cephadm or orchestrator workflow; inspect endpoint hunk before binary impact verdict.";;;;
2585;v16.2.15;v17.2.7;src/pybind/mgr/cephadm/tests/test_spec.py;;M;M;1;12;FALSE;100644;100644;54aa0a7ab75eb31ae1d0cae90fd06b81b26ab07f;c1125f698a5b63da394db7d2dba195a72913235c;08;08-cephadm-orchestrator;P1;runtime/source;deep;"Triage owner 08: cephadm or orchestrator workflow; inspect endpoint hunk before binary impact verdict.";;;;
2586;v16.2.15;v17.2.7;src/pybind/mgr/cephadm/tests/test_ssh.py;;A;A;56;0;FALSE;000000;100644;0000000000000000000000000000000000000000;4197d8d7ef0ede87bbdf529aa62d25cc06e9b3e4;08;08-cephadm-orchestrator;P1;runtime/source;deep;"Triage owner 08: cephadm or orchestrator workflow; inspect endpoint hunk before binary impact verdict.";;;;
2587;v16.2.15;v17.2.7;src/pybind/mgr/cephadm/tests/test_tuned_profiles.py;;A;A;247;0;FALSE;000000;100644;0000000000000000000000000000000000000000;2e0e9e5a9fe3d72c17ef34b6a65b7aadd6eef0fd;08;08-cephadm-orchestrator;P1;runtime/source;deep;"Triage owner 08: cephadm or orchestrator workflow; inspect endpoint hunk before binary impact verdict.";;;;
2588;v16.2.15;v17.2.7;src/pybind/mgr/cephadm/tests/test_upgrade.py;;M;M;139;5;FALSE;100644;100644;88c441c96e951a96dac4eb6a481a5e04e2ca49fb;7aa46f9027695e914523282905749e9a27495d58;08;08-cephadm-orchestrator;P1;runtime/source;deep;"Triage owner 08: cephadm or orchestrator workflow; inspect endpoint hunk before binary impact verdict.";;;;
2589;v16.2.15;v17.2.7;src/pybind/mgr/cephadm/tuned_profiles.py;;A;A;103;0;FALSE;000000;100644;0000000000000000000000000000000000000000;871b8b2e38cdd2a38337b075bc4c68c4f2a45e57;08;08-cephadm-orchestrator;P1;runtime/source;deep;"Triage owner 08: cephadm or orchestrator workflow; inspect endpoint hunk before binary impact verdict.";;;;
2590;v16.2.15;v17.2.7;src/pybind/mgr/cephadm/upgrade.py;;M;M;128;53;FALSE;100644;100644;ddca06cb21c1ed5cc79e4e71fad2ce30bb451d64;25bdf9be4f6087d57eb03d6a81a00d284bf464db;08;08-cephadm-orchestrator;P1;runtime/source;deep;"Triage owner 08: cephadm or orchestrator workflow; inspect endpoint hunk before binary impact verdict.";;affect;ADM-001, ADM-002;"Upgrade control now fails cleanly on offline/SSH host and records UPGRADE_OFFLINE_HOST; daemon completion also switches between digest and image-name matching by use_repo_digest, changing rollout stop/go and target identity."
2591;v16.2.15;v17.2.7;src/pybind/mgr/cephadm/utils.py;;M;M;2;1;FALSE;100644;100644;25337c0ae2a56fca703b77e39e5d1239f39d589f;658e3a5ec940947caa3ecbda6e73b629ee16d16d;08;08-cephadm-orchestrator;P1;runtime/source;deep;"Triage owner 08: cephadm or orchestrator workflow; inspect endpoint hunk before binary impact verdict.";;;;
