# old options=1744, target YAML options=1813
# removed=['defer_client_eviction_on_laggy_osds', 'mon_debug_no_require_octopus', 'osd_command_thread_suicide_timeout', 'osd_command_thread_timeout', 'osd_mclock_cost_per_byte_usec', 'osd_mclock_cost_per_byte_usec_hdd', 'osd_mclock_cost_per_byte_usec_ssd', 'osd_mclock_cost_per_io_usec', 'osd_mclock_cost_per_io_usec_hdd', 'osd_mclock_cost_per_io_usec_ssd', 'rgw_fcgi_socket_backlog', 'rgw_host', 'rgw_num_rados_handles', 'rgw_port', 'rgw_socket_path']
# added=['bdev_read_buffer_alignment', 'bdev_read_preallocated_huge_buffers', 'bluestore_allocation_from_file', 'bluestore_bluefs_max_free', 'bluestore_cache_age_bin_interval', 'bluestore_cache_age_bins_data', 'bluestore_cache_age_bins_kv', 'bluestore_cache_age_bins_kv_onode', 'bluestore_cache_age_bins_meta', 'bluestore_cleaner_sleep_interval', 'bluestore_debug_inject_allocation_from_file_failure', 'bluestore_fail_eio', 'bluestore_qfsck_on_mount', 'bluestore_use_optimal_io_size_for_min_alloc_size', 'bluestore_zero_block_detection', 'crimson_alien_op_num_threads', 'crimson_alien_thread_cpu_cores', 'err_to_journald', 'exporter_addr', 'exporter_http_port', 'exporter_prio_limit', 'exporter_sock_dir', 'exporter_sort_metrics', 'exporter_stats_period', 'jaeger_tracing_enable', 'log_to_journald', 'mds_symlink_recovery', 'mgr_pool', 'mon_cluster_log_to_journald', 'mon_debug_no_require_quincy', 'mon_log_full_interval', 'mon_log_max', 'mon_warn_on_filestore_osds', 'ms_compress_secure', 'ms_dpdk_devs_allowlist', 'ms_dpdk_enable_tso', 'ms_osd_compress_min_size', 'ms_osd_compress_mode', 'ms_osd_compression_algorithm', 'osd_fast_shutdown_timeout', 'osd_mclock_iops_capacity_threshold_hdd', 'osd_mclock_iops_capacity_threshold_ssd', 'osd_mclock_max_sequential_bandwidth_hdd', 'osd_mclock_max_sequential_bandwidth_ssd', 'osd_mclock_override_recovery_settings', 'osd_scrub_event_cost', 'rbd_qos_exclude_ops', 'rgw_backend_store', 'rgw_beast_enable_async', 'rgw_crypt_sse_s3_backend', 'rgw_crypt_sse_s3_key_template', 'rgw_crypt_sse_s3_vault_addr', 'rgw_crypt_sse_s3_vault_auth', 'rgw_crypt_sse_s3_vault_namespace', 'rgw_crypt_sse_s3_vault_prefix', 'rgw_crypt_sse_s3_vault_secret_engine', 'rgw_crypt_sse_s3_vault_ssl_cacert', 'rgw_crypt_sse_s3_vault_ssl_clientcert', 'rgw_crypt_sse_s3_vault_ssl_clientkey', 'rgw_crypt_sse_s3_vault_token_file', 'rgw_crypt_sse_s3_vault_verify_ssl', 'rgw_d3n_l1_datacache_persistent_path', 'rgw_d3n_l1_datacache_size', 'rgw_d3n_l1_evict_cache_on_start', 'rgw_d3n_l1_eviction_policy', 'rgw_d3n_l1_fadvise', 'rgw_d3n_l1_local_datacache_enabled', 'rgw_d3n_libaio_aio_num', 'rgw_d3n_libaio_aio_threads', 'rgw_realm_id', 'rgw_s3_client_max_sig_ver', 'rgw_zone_id', 'rgw_zonegroup_id', 'seastore_block_create', 'seastore_cache_lru_size', 'seastore_default_max_object_size', 'seastore_default_object_metadata_reservation', 'seastore_device_size', 'seastore_init_rewrite_segments_num_per_device', 'seastore_journal_batch_capacity', 'seastore_journal_batch_flush_size', 'seastore_journal_batch_preferred_fullness', 'seastore_journal_iodepth_limit', 'seastore_segment_size']
name	field	base_raw	target_raw	target_yaml
admin_socket	default	""	<absent>	src/common/options/global.yaml.in
auth_supported	default	""	<absent>	src/common/options/global.yaml.in
bluestore_block_db_path	default	""	<absent>	src/common/options/global.yaml.in
bluestore_block_path	default	""	<absent>	src/common/options/global.yaml.in
bluestore_block_wal_path	default	""	<absent>	src/common/options/global.yaml.in
bluestore_compression_min_blob_size_ssd	default	8_K	64_K	src/common/options/global.yaml.in
bluestore_rocksdb_options_annex	default	""	<absent>	src/common/options/global.yaml.in
bluestore_spdk_coremask	default	"0x1"	0x1	src/common/options/global.yaml.in
client_acl_type	default	""	<absent>	src/common/options/mds-client.yaml.in
client_fs	default	""	<absent>	src/common/options/mds-client.yaml.in
client_mds_namespace	default	""	<absent>	src/common/options/mds-client.yaml.in
client_metadata	default	""	<absent>	src/common/options/mds-client.yaml.in
client_trace	default	""	<absent>	src/common/options/mds-client.yaml.in
clog_to_graylog	default	"false"	false	src/common/options/global.yaml.in
clog_to_graylog_port	default	"12201"	12201	src/common/options/global.yaml.in
clog_to_syslog	default	"false"	false	src/common/options/global.yaml.in
container_image	default	"docker.io/ceph/daemon-base:latest-pacific-devel"	docker.io/ceph/daemon-base:latest-master-devel	src/common/options/global.yaml.in
crush_location	default	""	<absent>	src/common/options/global.yaml.in
crush_location_hook	default	""	<absent>	src/common/options/global.yaml.in
enable_experimental_unrecoverable_data_corrupting_features	default	""	<absent>	src/common/options/global.yaml.in
erasure_code_dir	default	CEPH_PKGLIBDIR"/erasure-code"	CMAKE_VALUE/erasure-code	src/common/options/global.yaml.in
filestore_dump_file	default	""	<absent>	src/common/options/global.yaml.in
filestore_max_alloc_hint_size	default	1ULL << 20	1_M	src/common/options/global.yaml.in
filestore_omap_backend_path	default	""	<absent>	src/common/options/global.yaml.in
heartbeat_file	default	""	<absent>	src/common/options/global.yaml.in
key	default	""	<absent>	src/common/options/global.yaml.in
keyfile	default	""	<absent>	src/common/options/global.yaml.in
keyring	default	<absent>	CMAKE_VALUE	src/common/options/global.yaml.in
lockdep	default	<absent>	False	src/common/options/global.yaml.in
lockdep_force_backtrace	default	<absent>	False	src/common/options/global.yaml.in
log_file	default	""	<absent>	src/common/options/global.yaml.in
mds_default_dir_hash	default	CEPH_STR_HASH_RJENKINS	2	src/common/options/mds.yaml.in
mds_join_fs	default	""	<absent>	src/common/options/mds.yaml.in
mgr_disabled_modules	default	MGR_DISABLED_MODULES	CMAKE_VALUE	src/common/options/mgr.yaml.in
mgr_module_path	default	CEPH_DATADIR "/mgr"	CMAKE_VALUE/mgr	src/common/options/mgr.yaml.in
mgr_stats_threshold	default	(int64_t)PerfCountersBuilder::PRIO_USEFUL	5	src/common/options/mgr.yaml.in
mon_client_bytes	default	100ul << 20	100_M	src/common/options/global.yaml.in
mon_cluster_log_to_graylog	default	"false"	false	src/common/options/mon.yaml.in
mon_cluster_log_to_graylog_port	default	"12201"	12201	src/common/options/mon.yaml.in
mon_daemon_bytes	default	400ul << 20	400_M	src/common/options/mon.yaml.in
mon_initial_members	default	""	<absent>	src/common/options/global.yaml.in
mon_rocksdb_options	default	<absent>	write_buffer_size=33554432,compression=kNoCompression,level_compaction_dynamic_level_bytes=true	src/common/options/mon.yaml.in
ms_async_rdma_device_name	default	""	<absent>	src/common/options/global.yaml.in
ms_async_rdma_local_gid	default	""	<absent>	src/common/options/global.yaml.in
ms_bind_port_max	default	7300	7568	src/common/options/global.yaml.in
ms_bind_retry_count	default	3	CMAKE_VALUE	src/common/options/global.yaml.in
ms_bind_retry_delay	default	5	CMAKE_VALUE	src/common/options/global.yaml.in
ms_cluster_type	default	""	<absent>	src/common/options/global.yaml.in
ms_dpdk_coremask	default	<absent>	0xF	src/common/options/global.yaml.in
ms_dpdk_gateway_ipv4_addr	default	""	<absent>	src/common/options/global.yaml.in
ms_dpdk_host_ipv4_addr	default	""	<absent>	src/common/options/global.yaml.in
ms_dpdk_hugepages	default	""	<absent>	src/common/options/global.yaml.in
ms_dpdk_memory_channel	default	"4"	4	src/common/options/global.yaml.in
ms_dpdk_netmask_ipv4_addr	default	""	<absent>	src/common/options/global.yaml.in
ms_dpdk_pmd	default	""	<absent>	src/common/options/global.yaml.in
ms_inject_delay_type	default	""	<absent>	src/common/options/global.yaml.in
ms_public_type	default	""	<absent>	src/common/options/global.yaml.in
openssl_engine_opts	default	""	<absent>	src/common/options/global.yaml.in
osd_class_default_list	default	"cephfs hello journal lock log numops " "otp rbd refcount rgw rgw_gc timeindex user version cas cmpomap queue 2pc_queue fifo"	cephfs hello journal lock log numops otp rbd refcount rgw rgw_gc timeindex user version cas cmpomap queue 2pc_queue fifo	src/common/options/osd.yaml.in
osd_class_dir	default	CEPH_LIBDIR "/rados-classes"	CMAKE_VALUE/rados-classes	src/common/options/osd.yaml.in
osd_class_load_list	default	"cephfs hello journal lock log numops " "otp rbd refcount rgw rgw_gc timeindex user version cas cmpomap queue 2pc_queue fifo"	cephfs hello journal lock log numops otp rbd refcount rgw rgw_gc timeindex user version cas cmpomap queue 2pc_queue fifo	src/common/options/osd.yaml.in
osd_erasure_code_plugins	default	<absent>	CMAKE_VALUE	src/common/options/global.yaml.in
osd_mclock_profile	default	"high_client_ops"	balanced	src/common/options/osd.yaml.in
osd_mclock_scheduler_background_best_effort_lim	default	999999	0	src/common/options/osd.yaml.in
osd_mclock_scheduler_background_best_effort_res	default	1	0	src/common/options/osd.yaml.in
osd_mclock_scheduler_background_recovery_lim	default	999999	0	src/common/options/osd.yaml.in
osd_mclock_scheduler_background_recovery_res	default	1	0	src/common/options/osd.yaml.in
osd_mclock_scheduler_client_lim	default	999999	0	src/common/options/osd.yaml.in
osd_mclock_scheduler_client_res	default	1	0	src/common/options/osd.yaml.in
osd_op_queue	default	"wpq"	mclock_scheduler	src/common/options/osd.yaml.in
osd_rollback_to_cluster_snap	default	""	<absent>	src/common/options/global.yaml.in
osd_uuid	default	uuid_d()	<absent>	src/common/options/osd.yaml.in
plugin_dir	default	CEPH_PKGLIBDIR	CMAKE_VALUE	src/common/options/global.yaml.in
public_bind_addr	default	entity_addr_t()	<absent>	src/common/options/global.yaml.in
rbd_default_data_pool	default	""	<absent>	src/common/options/rbd.yaml.in
rbd_default_map_options	default	""	<absent>	src/common/options/rbd.yaml.in
rbd_journal_pool	default	""	<absent>	src/common/options/rbd.yaml.in
rbd_mirror_image_perf_stats_prio	default	(int64_t)PerfCountersBuilder::PRIO_USEFUL	5	src/common/options/rbd-mirror.yaml.in
rbd_mirror_perf_stats_prio	default	(int64_t)PerfCountersBuilder::PRIO_USEFUL	5	src/common/options/rbd-mirror.yaml.in
rbd_plugins	default	""	<absent>	src/common/options/rbd.yaml.in
rgw_barbican_url	default	""	<absent>	src/common/options/rgw.yaml.in
rgw_cross_domain_policy	default	"<allow-access-from domain=\"*\" secure=\"false\" />"	<allow-access-from domain="*" secure="false" />	src/common/options/rgw.yaml.in
rgw_crypt_default_encryption_key	default	""	<absent>	src/common/options/rgw.yaml.in
rgw_crypt_kmip_addr	default	""	<absent>	src/common/options/rgw.yaml.in
rgw_crypt_kmip_ca_path	default	""	<absent>	src/common/options/rgw.yaml.in
rgw_crypt_kmip_client_cert	default	""	<absent>	src/common/options/rgw.yaml.in
rgw_crypt_kmip_client_key	default	""	<absent>	src/common/options/rgw.yaml.in
rgw_crypt_kmip_kms_key_template	default	""	<absent>	src/common/options/rgw.yaml.in
rgw_crypt_kmip_password	default	""	<absent>	src/common/options/rgw.yaml.in
rgw_crypt_kmip_username	default	""	<absent>	src/common/options/rgw.yaml.in
rgw_crypt_s3_kms_encryption_keys	default	""	<absent>	src/common/options/rgw.yaml.in
rgw_crypt_vault_addr	default	""	<absent>	src/common/options/rgw.yaml.in
rgw_crypt_vault_namespace	default	""	<absent>	src/common/options/rgw.yaml.in
rgw_crypt_vault_prefix	default	""	<absent>	src/common/options/rgw.yaml.in
rgw_crypt_vault_ssl_cacert	default	""	<absent>	src/common/options/rgw.yaml.in
rgw_crypt_vault_ssl_clientcert	default	""	<absent>	src/common/options/rgw.yaml.in
rgw_crypt_vault_ssl_clientkey	default	""	<absent>	src/common/options/rgw.yaml.in
rgw_crypt_vault_token_file	default	""	<absent>	src/common/options/rgw.yaml.in
rgw_defer_to_bucket_acls	default	""	<absent>	src/common/options/rgw.yaml.in
rgw_dns_name	default	""	<absent>	src/common/options/rgw.yaml.in
rgw_dns_s3website_name	default	""	<absent>	src/common/options/rgw.yaml.in
rgw_extended_http_attrs	default	""	<absent>	src/common/options/rgw.yaml.in
rgw_healthcheck_disabling_path	default	""	<absent>	src/common/options/rgw.yaml.in
rgw_keystone_accepted_admin_roles	default	""	<absent>	src/common/options/rgw.yaml.in
rgw_keystone_admin_domain	default	""	<absent>	src/common/options/rgw.yaml.in
rgw_keystone_admin_password	default	""	<absent>	src/common/options/rgw.yaml.in
rgw_keystone_admin_password_path	default	""	<absent>	src/common/options/rgw.yaml.in
rgw_keystone_admin_project	default	""	<absent>	src/common/options/rgw.yaml.in
rgw_keystone_admin_tenant	default	""	<absent>	src/common/options/rgw.yaml.in
rgw_keystone_admin_token	default	""	<absent>	src/common/options/rgw.yaml.in
rgw_keystone_admin_token_path	default	""	<absent>	src/common/options/rgw.yaml.in
rgw_keystone_admin_user	default	""	<absent>	src/common/options/rgw.yaml.in
rgw_keystone_barbican_domain	default	""	<absent>	src/common/options/rgw.yaml.in
rgw_keystone_barbican_password	default	""	<absent>	src/common/options/rgw.yaml.in
rgw_keystone_barbican_project	default	""	<absent>	src/common/options/rgw.yaml.in
rgw_keystone_barbican_tenant	default	""	<absent>	src/common/options/rgw.yaml.in
rgw_keystone_barbican_user	default	""	<absent>	src/common/options/rgw.yaml.in
rgw_keystone_implicit_tenants	default	"false"	false	src/common/options/rgw.yaml.in
rgw_keystone_url	default	""	<absent>	src/common/options/rgw.yaml.in
rgw_ldap_searchfilter	default	""	<absent>	src/common/options/rgw.yaml.in
rgw_log_http_headers	default	""	<absent>	src/common/options/rgw.yaml.in
rgw_luarocks_location	default	"/tmp/luarocks"	CMAKE_VALUE	src/common/options/rgw.yaml.in
rgw_opa_token	default	""	<absent>	src/common/options/rgw.yaml.in
rgw_opa_url	default	""	<absent>	src/common/options/rgw.yaml.in
rgw_ops_log_file_path	default	""	<absent>	src/common/options/rgw.yaml.in
rgw_ops_log_socket_path	default	""	<absent>	src/common/options/rgw.yaml.in
rgw_realm	default	""	<absent>	src/common/options/rgw.yaml.in
rgw_region	default	""	<absent>	src/common/options/rgw.yaml.in
rgw_request_uri	default	""	<absent>	src/common/options/rgw.yaml.in
rgw_script_uri	default	""	<absent>	src/common/options/rgw.yaml.in
rgw_service_provider_name	default	""	<absent>	src/common/options/rgw.yaml.in
rgw_sts_client_id	default	""	<absent>	src/common/options/rgw.yaml.in
rgw_sts_client_secret	default	""	<absent>	src/common/options/rgw.yaml.in
rgw_sts_token_introspection_url	default	""	<absent>	src/common/options/rgw.yaml.in
rgw_swift_auth_url	default	""	<absent>	src/common/options/rgw.yaml.in
rgw_swift_custom_header	default	""	<absent>	src/common/options/rgw.yaml.in
rgw_swift_tenant_name	default	""	<absent>	src/common/options/rgw.yaml.in
rgw_swift_url	default	""	<absent>	src/common/options/rgw.yaml.in
rgw_torrent_comment	default	""	<absent>	src/common/options/rgw.yaml.in
rgw_torrent_createby	default	""	<absent>	src/common/options/rgw.yaml.in
rgw_torrent_encoding	default	""	<absent>	src/common/options/rgw.yaml.in
rgw_torrent_origin	default	""	<absent>	src/common/options/rgw.yaml.in
rgw_torrent_tracker	default	""	<absent>	src/common/options/rgw.yaml.in
rgw_zone	default	""	<absent>	src/common/options/rgw.yaml.in
rgw_zonegroup	default	""	<absent>	src/common/options/rgw.yaml.in
rocksdb_cf_compact_on_deletion	default	false	True	src/common/options/global.yaml.in
